0xd784beaa6c32779187cbc21054d249914d989c6f,631249970000000000000
0xaed4ef1776b2eca9fc8f45169bf3569c9433ff95,494000000000000000000
0x8feb5384cc93fc16c049b574703105eadff20cf3,332444900000000000000
0x395a7e94b73f98d4010e793897cbc7a6b9231a7c,300500000000000000000
0xb6593732f00a1e6d42dd39bb28085edfffd2e1de,299000000000000000000
0x44f3281e97b0ea6bb4837f44c05a90a9d827a27c,282859799604630719048
0x2a46de6ffdf0b342fb6a3a8115433600228649fd,142782745212029010047
0x1c6a52ab6c2da3d64a47d427050d24c60f111343,113500000000000000000
0x8449ea6150211d414186d46d99082f0414dbc704,110500000000000000000
0x817d0b3e5c7c090a89d76e41ffffc44525831efe,97249600000000000000
0x2f498e9940f39731ca47ed36f52d8bb99ef5d736,70010100000000000000
0x9a265778cbad5a91cd11b9635d7abca4228793e3,62763100000000000000
0x6a4d5875b63cff811f3d0a237d180c91730f7ae7,57880000000000000000
0x4b4caf935d2a251010470968ab53d3651d4b80b0,51450000000000000000
0x8a2ccb971b53f390084bc9e34cd0eb94dca34ba7,51100000000000000000
0x79e6fc4c87fa270e6644f7d6d2ad35ac60b2ab7b,50050000000000000000
0xc0de6794a87c62f0943c79005199c01edb65ec23,47911568783216708803
0xafce6bb7c9d3f83ab430dd8a7ad56aa89a25aaea,44820000000000000000
0x7b821b5031b24fca25f55c3da578e7b9229791e2,41731323621829648810
0x8b9325a1d1cc242d451f1adb002693d61a1b6b43,40045100000000000000
0x7656aef459a7591a0546a0afdf001f7229076a71,38659187516283187046
0x56081ad51a8c98a57913a6427408882488cba6c2,38127446038407966815
0x6b00be27ed6ca9f03ba019909f7c8a516bae4bfe,34490000000000000000
0x70b6c62421fe321bc7f65888c6590216c950e369,32889751324641779625
0x1c635af903b5fade0b42d5ca931659f2eee06efb,32536490655569016548
0xe6213d35148f80bcefb2d99777df0ffd3c83cdd2,31800000000000000000
0xdd17fba8ef0852dfdeaf0a28e63e49477feb0960,29335765000000000000
0x39a11c5b98256f4b254e3ae41bd480d2d1c2a08f,29310720000000000000
0xaa66d1f6391a0cd056844dfee68a6782fac9fa87,29230853958114538161
0x73ab9f783827d2bd468a4d2898d1f5bfdc4d08af,27000000000000000000
0x2394c6456cb1bdfc5b5211dff5686667717bd930,26394968095898655445
0x1141e63bcecf1add004f225674bb0a252170402f,26298785000000000000
0xff16e2a7e4489f8c6e092a7169ea2c415343ea78,26178400000000000000
0x3f0a35173b5f890c154e987abca1df59566d6fb4,25821600000000000000
0x1392e9bc73ff677509a9885f5c5490d590da3ab6,25588217550521353296
0x972c9030a866e220dc4373bb7c9aa19a994cdcc3,25456933511207430065
0x5c0897b4f2622f15efe93132b7f4162656238a28,25110031613969057050
0x857776b520187618d34aadc9e68d9e4525e504c1,25058679081887106068
0xeb887b715132e97bc1a3b181bf81a49be4f18545,24997272001950493298
0x2594664714882d47ac207b4c46751649d886bdf8,24701622207567202666
0xa663c854838937261f190daf233652a12b846aa1,24048500000000000000
0x8d1bec0692cbfc14cc53af1f0d1abffc79dbc04f,23911575000000000000
0x1d963d4d97cf679ee2f18e87e71baccb253a1e7a,23791392236386327283
0xfb74426c9c2c360406261c3233f305672c9e8f36,23309200000000000000
0x96edeec2318331f396f8ae04f9b31e53d3834e73,22946580000000000000
0x46be8e0a5e919e1a174978636b6be161b21e2f1a,22346577814056206642
0x47c78fabd69f39976afd238468f68356427c0619,22150000000000000000
0xa387ebcdd80ad8d52c7b47f11487784c7c01745e,21900000000000000000
0x1e888c4c56468784424b43af2c456f33f562412f,21684200000000000000
0xec61f00aca750edd1563ffdff1db9f05a40fa475,21601546943616668194
0x30e472c482cad097404cc010af0f3c2d779b834a,21549960000000000000
0x3616a94cfede0352e4876ccd866e1c078c5ff0f5,21474267425404428446
0x8e09489e512ce90326db66b3fb35a66bb69d9a93,21293355272488254856
0x7c658c62b261f083a56ee2099c3d42919fa0bd00,20908630981734027060
0x9dedf5efa80f6a7a9c0c6e3e82ae0284a2d00237,20328170702586732495
0xa334ef7d6ba3c27004558c108efbff62f459f0e9,20150973083486014265
0xa3e1d50c1751073eba7197d3c9329bab30c05412,20145714087956670326
0x19beeff9d61301084563a59a04eea8fd3a7dba02,19856500000000000000
0xf967f68a959406d996cd93e88d42a2f921e0e537,19751515606538743400
0x5015c1654d8829d549ee976e462bd8b7ade847c5,19600000000000000000
0x5f21fae79a1a08bdaa9a5c43d85b3ee73cc5f547,19449195000000000000
0x2368073438cbe95bb58716b6b5651aedbf5706a5,19205000000000000000
0x40d6aa7f8b1155101e0a88fb2b5d8b9b0dea39c3,19179059796160476199
0x044a6b35c1cebf99205753f7b0f13806b701bf8f,19008600000000000000
0x48d436f57193df04ede36940b22a051bf673f11c,18500000000000000000
0xb18bfb08648b98ae2960d817fe070c38ecabff3a,18206600000000000000
0x1d01443e04bf5cfa58c0bcf4b985e021628bb8bb,18096138339953035998
0x47a2a92daeec9eae6e4704537166992bbe177096,17583390000000000000
0x06c68cec14be93a6a0c93e5cf190c07fb063e131,17498970000000000000
0xeb24a2ef146f0f384c4b930092c7c79549ae515d,17459316664968814444
0xdabbb22adde71048e159b75ac168d44f254b4aab,17000000000000000000
0x97217c06bc77872f68741aec1c0a3c406d7ef801,16920617325080569306
0xf9d1d5f0b62409b8ad9060c2a7808d6faee2351b,16775059807047781647
0x40b51f3e8beb44d617e7416ba0abe55352b615b9,16560185162215273503
0x80a88622ab7cb3465e6ea493c4133f58b05eadaa,16321650758442330967
0x488c0ba58dac039faa30d91ddf86cd75b7dbe4cd,16292509680859718867
0x737ba477f237c4ab66b666729cd1b7e8ce8bfbb9,16254469065974248976
0xaca870fdc504df28453d1298db1a08802c7860fe,16043032184230253488
0x582ee7663553968db9ead12ea2e26669d8596fb2,15882382615027865180
0x06b6ce315508f7c27123cb87275d5ee56db013ac,15614713995442482223
0x444d26ec73dbac8d78299597135da5c0234bafa1,15595784699404460577
0x9d3593fd6dacd68223555790bf156fff50b4b195,15536900000000000000
0x40f076d4abe73be1eb21b862a578cdd583910556,15500000000000000000
0x818854b363b90791a9ebc29e2f9c7f1055ee5a4d,15399947426686336510
0x6fd5f64a64e0ff504601437929a62c89615b8ba8,15300000000000000000
0x95f0134dc099c4a6751a27608b07db04fd0d469a,15050000000000000000
0x80792b6d6c5ee34bea8fc09d55b3a93ca965f8d0,15008186000000000000
0xbd8264b5bd6dffd5c48f1e25d69f78e3607d39fe,15000000000000000000
0xc88b40e08d107e0fd87a13334580c80f562b0ac2,15000000000000000000
0x3df88e8ef93b0ab4687bc2ca2d3e2ba58419d7f7,14928441996574270866
0x4aa017c556de7bfea034b38d709c16be48410610,14804024772861091933
0x0e0914cf26ed9912c00fce20ed24118635504bd3,14778436079831308168
0xc0531dd5293d996cfba26cd8d4662ddd2afd922b,14600000000000000000
0x49f72dffe692df2729547130807f7622295cc54c,14595940648171921274
0x7c8115087629d7b70daca328ca0ee38e62a2e59d,14556800000000000000
0x449fb0f8cfd67e51ced3a73ca78bc1d1526bae78,14500000000000000000
0x5f6dc54b4dd5d5303806802e6ddb46513f6f0a90,14384363854269378179
0x40577454812645ab7466e5bbefe279f0114d12e5,13804318399516679685
0x15cf309a15bd7bb2a1b478cc223e278660f9c3ed,13690679333239563844
0xe965f99a2a8fb757085ab61f164de88a6e1790d9,13489801450957605794
0xf9b415cd4908fe51f3b53d6f234c5e4314a139fd,13290000000000000000
0xa2c15d88f2e021921300db8a66e221d1ef3443e3,13205800000000000000
0xe1362a723498d88642705588bba51ac0f356f7b2,13050389492001456126
0xd2156f9edaa4f813bd2c4c6277584b22cf73acb3,12860484872840042883
0xa48445f57b3396de63e5ff2beca5d7e055911b45,12750116401384608681
0xc59647c3f5e8ed48c500dcba5fc01b6562dc93e5,12555510000000000000
0xa680a9d4cfee96fe26e2e1470f74e0aed657e0ef,12500000000000000000
0xf372f394ad9507f2a87062289f2687215609c56e,12464841857438638177
0x15618af8ebceb15c929d31d88051189c29b7e71a,12372445194841196319
0x5094497d2d5aaa870e9fe2e3b21d4f823d53049a,12273844268291390084
0xafa9d0571948fb4dcb4f2e5c9edb78fb5958fdeb,12233348936171170835
0xcf4f0b41ec79a1fcbc83599b60c031465732c5ba,12205602059295478717
0x33fa18f3febd722a0c01b3a4be0eaf7949706e90,12039552484577433868
0x909f68eb964c0b1051e2e014d0f96c300fafeea3,12033000000000000000
0x5600dc35efa1a89359c465a25dade0def76c57a8,12017540718912849382
0x5cd328d9062dc04df7b388b1baddd9785cc827ca,11965520642003606528
0x1485d0a53717c824fee36371e48dfa517237977b,11959077608541701131
0xe1f38e88b06d43cfefc03321e611dc7c39da4883,11950000000000000000
0xd5e9491626996c930423815b7a4e72ea9701433b,11808100000000000000
0x047119ccc7fffff1445adaef93436d211c80e1e0,11500000000000000000
0x641b03f0d9da3bcde02e7739161d392d8044dcd7,11500000000000000000
0xf04130a213af6486878b980d66001097bbb4f022,11307540000000000000
0xcfafbd47aaf69c0243946bcc6895db87fa2717a9,11291500000000000000
0x3c27d6a993eed8e5a241e79d4b9f1b64db0ed06e,11289995000000000000
0x55cf6e4c50485b14e399c3c432190bc411d6add7,11250800000000000000
0x5e5d83fe1c783719518a25f91f9328e23aa34a3b,11138159359722880254
0xc0b3d01035dbe7e057c7a866efe1e06c0bfbc3cf,11125041602878420007
0x17825d1793e41351e6854c59eac9566a996fedd2,11050000000000000000
0x13fcbd95eae39fd57e481b5131ece2eb65812009,11050000000000000000
0x7eea746b89e655bc9ceb818e56365e584b16438d,11000000000000000000
0x86b4aed1ece6b66a75bff8a493ffb4db07e9b81e,11000000000000000000
0x7bd53488f21d9487aded73d2c37a95c8ef7232d7,10650000000000000000
0xc9ed1d45d8e413a1eb62c89f8feeee5c3822a1bc,10640000000000000000
0xc7a5b51aadf0405f3eed74eabc975d017789f053,10581802100661466871
0x3dfabdd43cb7c07b806a34d52a15278bdefc9ac9,10500000000000000000
0x042596cf8c56bae22750847a7eb19164fd1698fb,10500000000000000000
0xb7c06c1e5a654239fb0dd9a9935e5b7590cf30b2,10500000000000000000
0x8a7ec2b7f96fbcd5021f366d036010a42a541d6b,10499984300698613446
0x011ed01b19e08680481746e3e075894c6e670445,10458800000000000000
0x15dc12cabff70a8e612972c7909db7bdf7c203ed,10446181760970891338
0x449ca19689cdd6e6987a8f309abe887b966dc932,10422000000000000000
0x6b5001cddad6299e21ed595101323e158affd579,10149052521024898540
0xedc708d374d3083f2de89e05b84796620af74119,10000000000000000000
0x655f40013f86251eb13093c3e382aecb48f66d92,9991005103810064919
0xd1728ee38c0fe12f4b7d7a1e30b038bf01e2c3a5,9885529997579439654
0xbb374f94eb6cba0a12575ec651239b8286335824,9820297769844216336
0x7e261f9982dba903a98cbd9ecba7bdb422645390,9818436847664125439
0xbc27b387c48ef42bfe84960e6dafe991a85b4688,9717961170988611645
0x022cf76f2fa266d505a702ae1bd1c57015818740,9500000000000000000
0xda1e7214be1122cc7f30e32f82ae25bad6e013a2,9500000000000000000
0x200cf69f85b09fe0f906442d309f4c790aa7b616,9480495000000000000
0xf5feaf08bdd8a95fdb5f671c0b9df5d15c11ab8b,9444070000000000000
0xfb45fcfc55fd8f43d4055a0d7542791e589b0f89,9441176033845244656
0xb3cc93927de6d42207f8ae9af35ceac435059d1a,9400000000000000000
0xd2d54caef1b9122075c620b3807f3300fd6f509d,9229814158391459413
0xc4ee8826218fb85486e5e4ecaa6c70567de788ff,9162320875799007652
0xe377ed5c4e430ce74e9d73b53f32e00cc32802d8,9154995000000000000
0xff81dbc493a43f6dc3f6421091b4e9ffe3c5377c,9014970000000000000
0x72736af84c2ddfe0ccea857cf1a5befa77f42df7,9000000000000000000
0xafb8a9dcf791284278fe13158ca814570adbe3d9,9000000000000000000
0x0a6a8263eb3cb24b859a71f7650d5985320cb4bd,8898733361628569963
0x58734ae73618833169fcc123bca731f2ad77f565,8844200000000000000
0x725c49b2f78cf01c5119b1889a719926cd5c7089,8736590007406734870
0xa4802ffc08dc8cba1643c69829cabd705e1891d2,8712803157713063878
0x96a35f39657a7ad94728efbf2b0df860b11752e4,8666500000000000000
0xb9e500cf14b355f50217f1a89040df1765c5e70e,8665061836024849328
0xd6008d06736440c65dd6700d94a9c669b81c0bbb,8613000000000000000
0xde5cfde86178137f7b991b7ef622d34dfb9d8e03,8600000000000000000
0x7ee758be4327f5d6967484343bac55624c529cc9,8570403842830724253
0x561d1bf7bc6b30cb9c318ec09010be27d2949f7e,8500000000000000000
0x26482482c626f3e2fb93ed3c0fd52bf0112c896b,8500000000000000000
0x880204c18f05b6ec302f6f2e7fe9a6dadfdbf6bb,8325629297713060597
0xb8eb985fc13d433683302ae2e0b43b613208c68a,8215661922269008498
0x2de837e7435e62f5768dd4e33a06706b780da1e5,8190000000000000000
0xc4e1d4cdf842c19503280da5db7a4c3761305f88,8000000000000000000
0x962f6ccc35af98169b296e6b38a7c446cf417160,8000000000000000000
0x8547f7999799599bb7c8076a77f9e11aaf504c3c,8000000000000000000
0xf895404abb5a89a512c6172545580a3627e9054a,8000000000000000000
0xb82ea92db36cd921b721cfc0901e8f81a3374c1c,7969699691259685902
0x7a5fee4ec86722d696cdcb04a2b0a6b5852ef33c,7729868393894131158
0x9df83d8e8981efaadba38451dec359a7c47b33d7,7726824957144225980
0x6841bc75afda790e46b1f6ed85c132515dd4525f,7719873307490742108
0x6a725819bae3ce3da3eb7b34b9a2a85b1f37534e,7700000000000000000
0xe699935f57eddcf5b897f989bae04c6016e8d4ed,7653179000000000000
0x1bc3651249a6b1c6363843bb9383445136f9e927,7527367667632382515
0x8f44435f3533edcbd186ff84f438c578e4484a83,7507500000000000000
0x51923fe890d48f3a21459d647806b5ff1e7665f1,7404000000000000000
0x9bc7f7aa4b4395391089da8588ffb0842b5483a6,7375000000000000000
0xed280dafb6401f94c46e54f18f3b5af15cff75ea,7354040249910030529
0x0f800319db871d24f4a421fe69f87b54cd0172d3,7350000000000000000
0x4b4d0ea25908d75248e2139b529e7cb4ee4bf57e,7341240344840520444
0x2c6cbec8127ff99d77bd79050ac109f521f04787,7300000000000000000
0x110a399a5dc6db3e2ccef0d64c2469dbd1282c4e,7238000000000000000
0x04cb62229b07b93ac4756d3cc9087d2ac443a2db,7225300000000000000
0x59edd3b20e1b82ed490388d1ed5904eeac6d5378,7163315859956133495
0x65198320e8e2dd037a96b3da75b7e8cf74e80fca,7150000000000000000
0x87b09b2a951a6ad2a18ec447de5ad83f19e80595,6968894884280420549
0xc84c9eea3056923daf2afe29be6e6353cbe5ebc6,6745000000000000000
0xd126910ebabda9fc9b331fedbc606845b71368b4,6615985000000000000
0x64b026e2d54887c63473dd7015c73baba9449d68,6588661638649000000
0xd4b7d7f6453acf9abe512c139bdea8e0edd693d7,6585588373440631805
0xc4474b10ca381e526d72d1cc4056f4d4e12d35ae,6501888343709437333
0x11f0f987d493fd737a1a925816c2e073013846e2,6500000000000000000
0xdb564a42f3ca9464c3ba3a54f2daf6cd75ed296a,6448000000000000000
0x2f12123b4352b3316edcc7c8d95f6ae8e29e4fad,6386500000000000000
0xa8c395123fd6081426a4bbb98fd4b3c3243ff2c1,6377270000000000000
0xad6a86cc6f6e1169292e7bf325564e0b9ac812a7,6358110477758014959
0x831bde84b38f2b0e456fe98419711ee66cbe8acc,6356950905661275135
0xb422021e376b009525642dcc031b0c40e247f9d1,6340229601794557514
0x9acad081115dd386a5d82d329e76b3a6c1a17a74,6205434787185888023
0xbf8cb196576b0edaaad10bbcf343ce683897e817,6200000000000000000
0x0a3c04b5db246bbaa253a7ddde014f4d221c5d11,6111371497758271216
0x98db31ccb1d9065ee9951c4f9baa267aa1e2ebea,6065700000000000000
0x8d20664094341d124002c24a76a8aa811a12b48f,6020000000000000000
0xa0f42c7497fb272d4d97f05935d86902e83aaf89,6013867100000000000
0x01fbeb6685622ca9436310bb45a5c66c439a22e1,6000000000000000000
0xbdc321e64a3582ab41e0618fe77844ec9689e3a4,5860494997070242474
0x296e17bd437390df50f8e8ceb30aa6a01d62b17c,5853940000000000000
0x827cb7cb4ae2139cc37356b838ea9f77b7dd7e57,5785421195000000000
0x3f468b8929743b1c59afb9d0c15d22a1862458a8,5744111744036086524
0x6fc263ff819609e5f4c3d5b8d742fa94b8a3fead,5729995000000000000
0x52f3c7f87c0979571a417b4b7aa34f2764677d6e,5718144827479186751
0x8c28cd4a1bec2b345993f2a6606bcce85e677af9,5716235823645720196
0x48efd5f96421518f2e5da382321386d9af669bd7,5698120454570437835
0x02a70f8e61366729e18effb86053cde8fc051e6a,5673050000000000000
0x8d48e306b467f70e231dfe2c22a40c29ea1a00ed,5652981367340665941
0xdff29ffc2a2e45649e24279bf6d9b95f86475e92,5634768727853610005
0xc23ff969d6a84a3b6c8c8fa9ca8d9b0f1f7176f7,5520000000000000000
0x40252bc3e43ee33a650ea5ac9762b3b402b09114,5500000000000000000
0x6a5a5713ad3ef9c74e885674969ebb51da181644,5500000000000000000
0xe75e75805ce63bfd880b103a126a19c92210fb19,5500000000000000000
0xdc84265a8da512ed00f48d21ef943077e4b2f49e,5350000000000000000
0x62e75fdcd18d1327737d645f8fe3a215b24a389e,5341865253490679377
0x469609f8f54697f5fb42e8d7ff652e75c318116d,5259694120457850490
0xe83ca17cdc3dd251f8aae5cc6ba730a847d4a9cf,5238400000000000000
0x433d4ceed26de7c86849ceb0758589ef8c2dffda,5209000000000000000
0x0121065e6cd1b3282f6ea0743f79e147d7a1e6b7,5125371578424653459
0x768a382ecfbe5c4331f1ab73e6d4bc90020ba00d,5100000000000000000
0xc0dc49ea2a35e0380caddeb2b13d791e41930e91,5030000000000000000
0x00279d44fcd03ffab00634b15768fe5c9c03691b,5004017257921499306
0xf112a4194fd0fa63b76088f523327443046d840a,5000240000000000000
0x4f1bb64fda7951354c4b0415892f83dca8fe4f75,5000000000000000000
0xf5f15ad06479fe6721cb00ab02017e8fe44f2e43,5000000000000000000
0xbf9eca850eeb9d0551448f8133521c6e4597e882,5000000000000000000
0x5860dda3e62150d2da7f503d90c882d9a390a2be,5000000000000000000
0xaba14eb67adc9c4cba59af7f8a50817dd9c56ce4,5000000000000000000
0x4106e64e17252e268523a331234945ac946b088b,5000000000000000000
0xc6cfa5465f414417d971ca955843f282fc6f5e28,5000000000000000000
0x1c7ea39a9aca37e6d6da1284fac9d84d05c06622,5000000000000000000
0xc13b21dded148a646cdff38154c6161d387a303b,4900296091364498687
0xec2ec49f516ec112cc39d142a0cdc8aaba504413,4880948823804428827
0xb83fbd7ddc8a1494dcd10fb13a2adafb8f387507,4857300000000000000
0xd041451f16e7db6797ab9bac1f13b7613418af5a,4805914782836468079
0x67ec66684f8c90d6e6b8c72505ad8b714f046278,4800000000000000000
0x91fc59e639bf3288001615805ee35c768af1390a,4700584134371140185
0xca52a6d26b394f3260d2fecc0de7082670c040f4,4564502226442250839
0xe7fcddd3ad9177f8ad48a888e171284bf925c079,4536851839558482270
0x2795e3afbeb68a907024ab832fbe7f8b14e93deb,4512959384075032654
0x3c93bab64e6779816c6bd043191061e86483ffcd,4500000000000000000
0x7f57f6ad25c501deb2fcaca863264f593efe31d8,4485347260467724578
0x4ebe3b1e1c712c2af25048b13d59f69befd4daa0,4400000000000000000
0xbe6272b52f49642529039b4521f90a8cd1f174cf,4397496368762712579
0x4a9f461664d38551fa68a6b66c0ed6a49350861a,4369621838051312032
0xbb4c96365b8af9754f9d535de2400ffd78489a26,4350000000000000000
0x7ce46eed571d18176b2366eafb8f24fd25e2a377,4311122280221403349
0x2d9e01aee818f1cf7855e8eb2658c0e640ab2caa,4292338139408339129
0xe08aee8ddd3bf3e0ffbea27cab2f93d78d396085,4292338139408339129
0xe5472f7da6afa341cdc0fe30027932418fb2e28d,4292338139408339129
0x6b99c66233c1cd41df54d8c2853ad4f86dbd1387,4191527171012783597
0x536d46cc3063e0864016a7a6e656c60f38cd3147,4054900000000000000
0x001468e47c32a817fa5af34b8396cb87e4093167,4042062533020121960
0x57467a3dc469ccf089f5a104e28efc8af18b3dd1,4042062519617171618
0x1700ef9481e453c258566009475a72d3bfb2d2c7,4041839940522971248
0x619bbefd712886dbf7d310d9604bca66b588c504,4015500000000000000
0xda316cc0277834729df951e133cd8e63ec8afebe,4002864399898739425
0x02fdb03705ed8f92fb8c5073990fc5d4d169faf8,4000000000000000000
0x7bbd36bcb5c23de5c2ef1d7d1be2c5afe6214d9b,3837400000000000000
0x1a351f99733430a8bbed49c78155d86c93d4bfae,3802840442689639145
0xe1ca785304056d019048b5e5e6eb4a56a1144551,3791986900550651927
0x50788aa80aba7b02b6cf1c73210a61749fce7018,3703800000000000000
0x8acd3c9950001c60709ac776ad6ed7d614ed5ab6,3695797968250847211
0x5684ad85db513126707f92be4c767c0c66c54ef5,3606392321385296518
0xe14544f4dd5605b2bdd2bcfd82fdfa74d065bbb3,3600000000000000000
0xb4d1ee0972d482f24b1e5f484f0923cf298780b5,3600000000000000000
0x19c31768eb443f55bb088781a7b0f1e1d7f691e3,3600000000000000000
0xd1996179243780e7bd3493b9851acdfcc18933f0,3545752161784070722
0xf234c1907d316fb9957a8701d34a99eab3be3069,3505259627162330740
0x841faf265ab9d465e4125919ace73c2f565da311,3500100000000000000
0x803adeda1c57b2293903f48378e9d186f73e9d6e,3500000000000000000
0x5666281d84670c1ae2af9ff0809c41f828c7af0e,3500000000000000000
0x8c1bc9c739325802298a9b4809fd4cbd4c2783a0,3500000000000000000
0xc97b7c5713eef131cbed64aeb4a276c69eb7f567,3500000000000000000
0x87c20834dd21dd07f1da41186361b5da69e28091,3494701824036478063
0x24f8fc33a0674682be0fe783765b6266fb10d988,3493961805877237205
0xb97165a6b2979101a7481f1013f2b903dcf46d05,3489000000000000000
0xde2b1a2169659fa9e16cbb332dafd94357d9134d,3421997110353882921
0xb5cdd7f87ab3cb4e8491d2a75f5c062686d5425e,3419883039448473552
0x0a54ec4b7fa21eba1c7ae408f5c5dfceca969735,3418938333471548792
0x7aaedf6c0aa573ff7eb3a32b93d20538ae28774a,3400000000000000000
0xd885dbabd569f2c5009dacfcc2b1ca0f121c602a,3300000000000000000
0xa7a79335582bf841d60b5f256c79c98ba8d6c5b5,3263870060623926888
0xe14ff441526d05bae55116cc982c2663f146f5e7,3201600000000000000
0xaf49a702609ccc3206fb3c258b76c1cf6f6f2faa,3173979812185645681
0x5f9d3f84c7a433a15199999fe69eadb7e2d2fa21,3160267254381595895
0x3f8ecb107e13bf927f2aa5a8239d0c6da3f1a038,3098694818880741660
0x8dd44ee0e7d55ceac8a7dcfa335be9c8f2a88e61,3056444436996088836
0xe816b407b7fb2004d650e2b8cf38091f7ab8e568,3050000000000000000
0x49d291ee3543b450da5eff07cdb63704dd1b5d3a,3032845774212497874
0x0a91fff8590fe75ef1cd193bb1bf763624ff167d,3016300000000000000
0xa39e67290f89dc2419d5f6bf7fe8cc448a80cd1a,3000000000000000000
0x245c7e4fd3d788ee4b1f244746d073eb6f8495d2,3000000000000000000
0xaaf85db57cb290efacbf2808f9a7d41a69264231,3000000000000000000
0x80952edbed78bbe8f94a89c206e6bce48e549136,3000000000000000000
0x3c1669e76c13164e17daf2002e7b6c72965af15f,3000000000000000000
0x754e57db20cf1d9a71414080be6e881d88071d41,3000000000000000000
0xbeee0a4897aad327ebe3a031b27c2eb31047fc08,3000000000000000000
0x3292fb562d990977ea44056082391c17bf692db0,3000000000000000000
0x286433ee8dbcd67847eb9f1c4e1bc389050d6d57,3000000000000000000
0x7b56bbd4bfb642c582e9b28d6b489f0f57c750bc,2807600000000000000
0x413c6d1a9b05e109e0fbc4ebd66b4977a11c2348,2750000000000000000
0xfde19736572386c3c91b1ef27f2e8f01580ca6e1,2750000000000000000
0x78866fd58b2f356be167aca5b194b53842788826,2732537795695435428
0x608ab57a77cbd960ec007c10db2870bbc367b48b,2649985000000000000
0x59c9224847bfe9bfaafa5f515d24fce453263d8d,2643694973316951345
0x3649f05b16ff21f176943acb9e6b98abf7a37fd0,2560000000000000000
0x0db4b495e2107d2e904ba3f00ccb04ca3fab9bc0,2559600000000000000
0x7b0ad2401829421e3903a1e171375da053d21856,2500000000000000000
0xea35b27c744657f94e2a476f0baec4ff00e842aa,2500000000000000000
0x6b1c27ee3f154d4862e670f0b8648f718bd2acb7,2500000000000000000
0x4ac4ec93ddff0dc90e67f1cfeedf5375394cc5eb,2500000000000000000
0x697d41551bc827c19882bb87f6a244016e897aaa,2370125440971094259
0x9fc5dcfb15086fa19e5ce35894f8755f89dfff19,2370125440971094259
0xd50dc208003337b3a224b86bc37d07f3c7318abc,2370125440971094259
0xd79a6234afffef012ee2c613d018d1459add4d7a,2370125440971094259
0x35f4990408b3a73c07edb034f84c265f86d27a64,2333059087587212000
0xf743efbbcb90060199fe8564a2415507803ead94,2316600508733861324
0xbb21cc3f8036d37e065616c2dd89482c6c5815b8,2311647977763649612
0x22bd6a5691d818647f441ab3a4f48f50a0ef6f24,2242931052672602756
0xd1ed24a211a0bcfc5fc4e9a2a70dfb049b65b355,2222895492406531788
0xc265559b296f349b72e9fef1bd21af72a181f3e4,2203900000000000000
0x6188d7a3c8d529c5caeaf0c4e6db03c59070fb90,2201492799403021702
0x4b49f42d9c2421467aec3d3512a790df4724d03e,2193255855704835176
0xd0fe6886af048d461b5f936c20c2ec76414c1332,2174013139607046934
0x420d03fc014acdd7ba52b636d4b3aee154150456,2080035724129791710
0xac310e85cf65b3f9f1eb9b412485f82e1ef76c43,2003000000000000000
0x20665e0b5fb3e81abefa4d2ab515bdf0e6fa6700,2001606903168599722
0x777d0764e92d79085a52de3c44d33f4107c795f0,2000000000000000000
0xfc09f09fcc071686d379575c9820aa03133618f6,2000000000000000000
0xb19ef175836283d2aeb13346c44afcee750b69b3,2000000000000000000
0x3c00eb3ff9874d158c7542ea1c24ec6c283186bd,2000000000000000000
0x006fa748f1e5505dc2befa44108173e9445806bc,2000000000000000000
0xf9ba8c7a077c8d11ee3381aff70f43d3e7e83a92,2000000000000000000
0x973c6da0326af4ee5f03b5368ee4a900b1e5833d,1997370731561969542
0x75321e3ae13142489bfc0f31db4fbf4f33664159,1980289269701018574
0x291b4c2f078c63dbfa9dd67e265f4e4d99673deb,1934382301331279890
0xd2fe01abd05b30a8d9ac889e6a6debede2965f5f,1897798275320425747
0x7d477add70680fde112df6fef7a9be1a5b81444a,1861998430887674166
0x3e93d5ce51aa41adfb1edc807b20e68d21a5de0c,1780506889857060322
0x55dd4e613c5db92b610044cd3966600a493c9e2a,1768789423687487515
0x1cd64fdd6be0b962d8d902c945326b8aee0ef7e3,1634207158010446461
0x90bf47bbb9036dbc3fb1484b1b62a739b9f05ebd,1629016958494145031
0xc3bd9e9d9b369bd2afb1cf7cc567735bc53f6f9d,1607460720898093055
0x580182073ddcf1c903b9f67dc2f34b4b0295194f,1595741578106053612
0xcb84807cea7a349fda04319e1ed1e4afdaef813e,1593722310607601076
0x941dd898aec01a1fe15aaa37f29ac8f7560bbce9,1587169663599534107
0x4118579f7c29aac0c915978241daf1201056e1b3,1500000000000000000
0x4fab84a37462bb0d26dd6601282245621359c553,1500000000000000000
0x51bacd34b3617e9719f8194048a006203c44677f,1500000000000000000
0xe31771a309af2179c2b26c252d3e74e66df9ab4a,1442355563003911161
0x7a58915984797489fd40f81f7996b5415278a9d9,1397791695298577352
0x53f21046b82d2c01801ef227df86554785d14723,1391060810275275618
0x15836bb9345ca30e56057c7e479c35d04f94cdd2,1372639949890889125
0xd610aedcd1a5d1f5fc610a84318ab44a0b8c0ddf,1358870872863958697
0x9d7b44637ee4c3337f5e9bba2bb71213ccd59994,1350000000000000000
0x962d434d43d17f59096456b553d2109deb879387,1350000000000000000
0x737901a2465b766d233837b2d6e159e42ad9bd7e,1335822157757196435
0xbe63e743929cc8074e0dc6e07f3410282fb2856b,1328261525405076571
0x562a6f71afbcbbf3211b5e87a757f49c68640f81,1310000000000000000
0xdf2b936590ba54007cfef6538cedc7a44d480e9f,1306300000000000000
0x82738b0ebc1d667765cb9cdeb4a2a96da6e6a77a,1291089812302370304
0x8134dfee8ce28c8b259572a7785829aa4947d828,1274558822472377535
0x22f0ae7772efca9ebc85c0c0c5cb6dbca2f040c1,1267578950746416153
0x18f76d2c9f30552978e1489a8a55498cc55dbd27,1246386522237059152
0xf2acafc56a3eb0fd367eb5d199a5d81f8ea459af,1240243911526980923
0x015b3572d69a3d7f9a82e0a76adfc1229b9b5140,1204507001101221413
0x961066afcbaff2f97a4dda2e8cc16cf19356cb77,1200000000000000000
0xb17cc84f2ea6479dabae0b4cf0bfecbb88ce48bb,1200000000000000000
0x23b8b53fd52604b45a77be6cebda378b255fb97d,1194289458633127362
0x6a7e0209afaf36119f856c32e873c6e223dac523,1177858685215142663
0xaaec6d1a2664443dca63e48e498053f4494d4640,1169538446718422753
0x7555555537b22ed3b13e2a1a08d8473ccc3d9f46,1150000000000000000
0xd74557fb48c91a117de9489ae05283733748c7eb,1134503163898063580
0xa891e60343c30947e92a189abb3bbf4bb21d8bd6,1097310163396073266
0x92b590b6a4582142710feed24c4b7d93ae05230c,1063881273838377954
0xb17209f3bba1e8dc51bd34fee078b92c02d26bf5,1060000000000000000
0x420e33ab6ff7fbe44037af5208936ea82287cd52,1042900000000000000
0x30dd9647be6312ceebf8042fec705c5277d71ded,1035086860392953065
0x2157eb3795d7ef37d085f129c13b534cd90c8b81,1014008960596034257
0x6b1c6435f828855570560eed33d40a7053353e9e,1010000000000000000
0x7c5877e920d24f164c492dfe04985c4da56041fe,1008300000000000000
0x3b3a1ed322811f7f85863c3e2a898332304b8113,1000000000000000000
0x980cf29b486b225f90cbdc404a4ff01236282500,1000000000000000000
0x48e504ba2f2a61cbd22f286653ff1c160a566502,990418701627646159
0x509a79adff86023fc71215c1e36c99ec9192e125,968882971407020828
0xc1e5cdc0bf30a519d1ca1d09517a7ce986c1ab41,961404441076380609
0x0eb3e05391d3657fe0d559c3b4bd98bba343bb6d,950000000000000000
0x6efeb7b592371ecbd7161203b7a08eb4128296ef,949975000000000000
0x35111294ca72308f7950c631ae8a60976f6dc5a5,929008485321489868
0x926f509083cc220bd6ff62b35f3a9a3e4c82e1e3,928663022677054003
0x6747b77ea0162c8e226793854e403a0d9418681b,928240330412088790
0xf7c3229903467a132bd469a31db659bf8273cbb3,910000000000000000
0xd22ce375a12272cb7a0ac256a365bcff39efd376,868839359081969640
0x3927dcb0138e3c479d04ea37e52f525c83ceacaa,838330294538497153
0x929c2c1cb276de8ee42861403d1723a203d2f62c,835416297370879910
0xafb9301331bddc93b266668590725e0ec23afaf2,828846017330656621
0x6a5c85622729dc48a26ca98f03454a3d2693fa85,800000000000000000
0x31791aaeded2c0a474bba439a5a9ff048719f0d1,800000000000000000
0x9295e419c4d2601f15cd9a5fd7adda24a0a144dd,799432961997115057
0xb07508e0de659b7d6dd550a1cf1a796fec4fc9aa,786337689091574892
0x400f66a36910b3d5029ad18fbdaa2616d01c0e6a,784303665774725670
0x53a72fbd364092eeb6843eb5720632697aae8d6d,749380241491105593
0x44cc242c4289dfe5d7ea74bde33bc82469e1fb9d,735276156757405092
0x788d1b3bcacc7434b7bf514455be920671d1b87e,731767566210264359
0xd6a696eaa947d156d9d2d925c27548fec400f2c9,710000000000000000
0x968ea7f95fcb39e3fc69c5bec8025dacbd4190c3,686917281403788425
0x8a9a2f16bce74fa94e6da96c5303f2207f6bc8cc,686911188358283409
0xb7865e2a7f8cc6294b9e20d32b0953f652a41387,668512947955816051
0x3caff04fe450a4806e6f446fd57e0b006529f341,652332870638897888
0xd5c564260a009b27759baa90541a7feba948acd5,650000000000000000
0x43251bf2c67ad1e2c390ebb8d2e3cc70197666c8,647364985028594745
0x41ed27d74244c51c7f77671b0379295da5de241a,636091000000000000
0x3e687993590bede444690bce75bdf0da647502be,623796890559141377
0x5773787db34947823cd3eba2a840ff06c05ffcc7,621966926319181665
0xef985eb51bea7d862555d9f54cd47768699a56f3,620911903075597424
0x9305fe88356bcbb7f72b43654713150a389b6a25,606658971592532948
0x38e4cd94466e81d84e178d9cef5658d4859b5bb2,602253500550610706
0xe35ed46617885f750fca3f06fcd52a2039ab4473,602253500550610706
0x9654642167e83d633151b8f13ddf56f96e23ad25,600000000000000000
0xcb3db824fae58248593875716aa403faffb30de5,599000000000000000
0x43ed6d5043f52bdd7175128542897a4141c76580,588500000000000000
0x244f3a09cc74b9c174a52ec7873ba4ab53b90ad2,580000000000000000
0xb20c20ba1b94a2fb746091c8d83937ee35644251,580000000000000000
0x818a4380a7a369528736d7ba1fc90b70d5b6728c,560000000000000000
0xafe5ad91573c679dc23d2281d658076e0a31ae3b,514000000000000000
0xf8a46eddd43bfc4c93d9fbd28e58e9d0fec64f1c,506855640431538363
0x45bfe989ee40466cc4bb32f8eec1fc660928ac49,500000000000000000
0x22bb248b301420ab4bdb04113ef5be5e5c114ff6,500000000000000000
0xeb1ab10ea41e91a7a1b0db75f9ec838173c509f2,500000000000000000
0xd245e841fef6fea83710c97b48c2fa8593609560,500000000000000000
0xef9f3ee1f3c6ca63e67bb1a2f537c05b4f23f270,500000000000000000
0xfeaacdbbc318ebbf9bb5835d4173c1a7fc24b3b9,500000000000000000
0x1ffb5aa51233c1ccde685c108c14056562a237fa,500000000000000000
0xb4a488b072b9d75909d7a7c42da8e03e43e40ac3,500000000000000000
0x3b51a16e47d8921ebd767a77e280949fcda2ffa3,500000000000000000
0x53d561ef250bb8329c16dbff1199e7c3810bc89a,500000000000000000
0xba7a288b1f39b5c5ff1cd0f6d22b859c3079815b,500000000000000000
0x0dcd0a842af8544c78dadce35df1c37b39e9a559,500000000000000000
0xbd34fb04163cdcfe00b7ef55ce256802fe0b048b,500000000000000000
0x92602a8cdf061312d39957dcd4b913a7243920b0,498480990740365068
0x9131f00169878c48adc98f248844bf3d089bfac5,488718215001420133
0x9d7af91bf812110adebb7fc1f792780d9fa42eaa,483603551811586533
0x143789cbe09d6417c0a8dc64a8ae61220df05a72,480000000000000000
0x50fc7d6d843b4de96251e84e37566d8652f8a2df,478691193561226796
0x1e5ac6a2663f1501eeef5c28b7f49bb06f2a0951,473931518132445920
0x23be089b10735fddcdb11356624a19e9c3568355,465568437242444680
0xe26a6064427f08e501d15b0d48044861e3614460,406129318390627943
0xbccc3067d6e36663df0bb1dfe77ba0e62a604883,400000000000000000
0x8be5312a0362685ac49ab1da3104ea2b476e104c,378536524861600258
0xb40e6d86906ed52d20cbaf0972b029a6d1ab85a2,369577695305244267
0x2da4acbb74a8e0c92fb3ddd35cb0f4ab242b2a6d,361231408242584739
0xe8fe8aeb427d1a63550c76483ee208eeb95569ce,359587732626096332
0xd14c636d040966bf8ddb7802307864ead56b5288,359399516627012769
0x1ca4c419994a7f222c6529fa6dafa183f0bd962b,356164251698012601
0x8b167b894fd968fcbe7805b41e5ae653ec22300a,344352691645372738
0x1343efa71a13be249a8b6fbfbfad46a6a31f3285,337832433789735640
0x5b18267365cf50769355db91b94db40577432490,337516562081807521
0xd83acd2539ca16bd6d0536bc6b2cb06783ac31aa,337491562713041451
0x8ce703a4960e86dc17c9216105280ed420638e9f,334611231060084944
0x4df36d84c54c4e4aa273d7a057c8b2f7f506d237,324991875205151027
0x78ff542f20a8724280574cd7f472d718123a08c7,300000000000000000
0x4b91a3909a088904fee622af73a62b5155a98f5d,300000000000000000
0xf3eac878920d0a99d5f7cfa52ab02cba3aa521a4,282404709924178936
0x4e711691f1a65d70a3671b37c05ca3d965a758e1,280111336982036602
0xf5cd492096f69a770f8fd435d4872719a669e3a2,250000000000000000
0x90c3df3cb061b6949458881a8d0c922fff36509f,250000000000000000
0xd8bf8aeb0c196d3c9fcedc92c3c37133ffd8fbea,249527361732196992
0xc1c2e5fd7cbe69845220bbf10e19b765d59c6769,232759655159479554
0xc58cd0f9889150bc76aa5da89c1019538a239a64,206104219016268383
0x1c097342cfed16d8efc18c1f64c5c197873a978e,201694373232074096
0x2abb4d9b12606e7aa3441ab491d89a226ceffd90,183904210446341664
0x925d31519faccf66dd7137c9621e0a5adccf2014,180246821498898477
0x64198a02109f032ea9fac769d613241841fff42f,170856974790023685
0x17d7b3c58c894a6687dc54283c8b094cb17f7ae0,163887827396582730
0xe94724b86582d6e1f2603d278208e04a80fb534f,158678333977053624
0xcbec560dae217b1d6303f23e25e547ce008d10bd,150000000000000000
0x9e5a151bf73ffb7dc81240ed25ad9d4aecc912f6,134257477994539298
0xca1ff1b0174e863dd30ce10fb5e01d7185ecb6e2,134257477994539298
0x6abc06aee77c78276a1c9acfae9be54524c4800d,133437090989167981
0xa71cd48b923197be21deaff27c589143ed399673,124008619236814370
0x19a2bc678785bad6a947a87494d480dad57711c6,110759962299183540
0x43c76b45a845581c4ffe6931217c0c4e82aacd84,102271455898567011
0x18ec17ad6500cd4ee7cb7e822331de00141f84b2,96888305248848958
0x05077d2389664ff409a4f832cefb32497af36d31,91733160441517729
0xe778865d4043c0e65bf49bcc334936c53a5f29e7,80083453311832977
0xbcaaa2109a21a910c4c3c3f7fd9d1de4419fb9b7,79457184865521768
0xd487bf083f555a2b8f3ec12592bde02dc082153d,74521114627389216
0x158c53913c4c7c1e70ef7bc08203dfd12361d035,64228614784562114
0xc8ba6c2246282bb4ff4a503c20dc199a7ddab41a,60459366491267507
0xfa5209995c29dc4043307ff6711a7ce70182822e,53550398921274576
0x3f52f61fed5a902224c6be0efe8f72ecd4bac206,49146041885461838
0xee0d915ec9df120590de8df0b558cbc793e1475a,46661304805929438
0x09f52a06e2118b95cd44e5a9c4952c5d325c5290,43186595379549167
0x8da1a015bb11bcc718cf1f49804282fa5dba75c7,40675136449095509
0x110438e37fcdb63090adbe3ba541ad5638a01379,31480210569397828
0x4154d6a368d16a15238ee256dcbccdb8930d2f60,30000000000000000
0x7703ce8e81c8914762cc8f50d261ceaa3964bd5d,20983041505854968
0xeab6284472f41fbddfbcbb20061685893b2bcba8,20664780118061142
0x5bddd3e0a13581c5e95db7c0220323be4798e57d,20608593693155726
0xeff60ff9b9a18385291272ef7d6bd9468fbf4b2b,20166433756467663
0x217193651f3508f5839b549c10c5c6c377da725e,16492610945709211
0xbd28ba56ba08a3f039303875f4df95e15f7ed414,15692878226123671
0xd826c76f3f08ce0bee2759ec38fabdda2bc5f74b,12784050906573307
0xe3ad5e643533311d1ee58c6865b7a57e4cda8478,9746146641595643
0xe5ce64a473583b734d60f102f30fba89311891c8,8102352848965293
0x276fdb2995ada85742b54fd5119c487751ce1f5f,7903228229928388
0x13551bf18d289fb7ee8be6fbf92d48b5cb8a8747,5919979297354569
0xbc4cf0a3a38328bf1c3b65befa8c5665d620a0f4,4044359568461636
0x542da1d5bb1d16359427d73e34faf3a0eb936fbb,619758508894406