0xdb32aa47a9cc3e2a2de5971b3213e99513f658a0,5000000000000000000000
0xdb32aa47a9cc3e2a2de5971b3213e99513f658a0,2047940438159170612749697
0x6868ef5ecfadc742b7f2686bafeadcc0b7550bac,5504145515063043887185
0xe936f372338865f117c5e96ffa81a2e1aa031b4b,1144581567939024086138914
0xde866272360459418c97795737c0a72dbe6d743e,80058346110670540547390
0x70c56e9454eea45efbcb58754bb7151d008bbe5e,172795653810242565559357
0xa5672528cafa65ca8eb4575c5e8779e8f4a670ab,99654817164653266653056
0xa6097c602ced922ad77892516ab4fa47bd193689,23191707374085437058443
0x3f900a666d34ecc20d2883ad72d8bef4267213dd,10809768139192434829498
0x157447449e378983e983d5b0369b107855fb269f,5232030072311657552722
0x1e9858a0c991ceb6c0b40ce63c9ab48cfa1bc405,35895491091090784337311
0x400f66a36910b3d5029ad18fbdaa2616d01c0e6a,6776864267655861351646
0x4b49f42d9c2421467aec3d3512a790df4724d03e,21073637733443395338926
0x4cf6a6dfecca98bbbb23f6ad97cc2bc4f6d9ef81,5668718628287530135939
0x582ee7663553968db9ead12ea2e26669d8596fb2,152598520931331880352889
0x6c2c6e1e556c876b6eb3455f444d765d6f36c872,37134106420428822835575
0x789bcf2f1856a20fcf9efb86bb9324840539ea3c,227148951765295113743948
0x9295e419c4d2601f15cd9a5fd7adda24a0a144dd,15241794509458041957987
0x941dd898aec01a1fe15aaa37f29ac8f7560bbce9,15249554906274189942683
0xb1f0e71f77f8e4d2963831c08a7c5571275e53a2,71179449467436020084425
0xb9b762ba6b7e6c484f532ff560f10bdbd6c48258,3249356201355045330495
0xc18db07619cc84f0c7e401ac9e495a19d8f7ca6a,302747336644471349142556
0xfd7e9bd7ab546fea3ea775f9a6e74e1b56d1d1a1,2886206421651998743067
0x0121065e6cd1b3282f6ea0743f79e147d7a1e6b7,17682066622649188460901
0x6b5001cddad6299e21ed595101323e158affd579,220005956717546837881918
0x725c49b2f78cf01c5119b1889a719926cd5c7089,298589969801101855989764
0xf895404abb5a89a512c6172545580a3627e9054a,661733963406525380770379
0x1709148a9c9abcce48744c20c0266948bc6c9fce,5004508015078766533786
0xf1711905ee7015bfde6dce2d9c7c0b0246cafb5f,5954170910523149559510
0x3324a0d2d5e8b15f19b5b6f840b925dbfef45ce0,279546971163661491379346
0x001468e47c32a817fa5af34b8396cb87e4093167,21745848095994801709890
0x57467a3dc469ccf089f5a104e28efc8af18b3dd1,97832896822030016898958
0xb422021e376b009525642dcc031b0c40e247f9d1,30018124394645293603979
0xda316cc0277834729df951e133cd8e63ec8afebe,79103023641523172793487
0x9757ec072cfde29523aaf0a3d3aa3deccbfc5e74,78034024070821758464923
0x363f2d276e8d42651000b4f485eed1f4f6c98d50,10935195226615262140314
0x6e69a391b8884841845c3250cfbc731062302ca9,5102984231992050768135
0x5e05696c49996f332e60328e440f35b7b07863a6,120000000000000000000000
0xfdffc979c69634802296caa87f70ecc3dcd8342d,20773369796944421623140
0x0a7fb5faf6001426f7e0ae81c329800fdd3b30a1,23348173618829892532645
0x77847c5da38dc3d385b1753392c0b7ce64536930,115546405986340851583910
0x9f60c5ce81de17cc6ec93461203e3e53a908c546,10979755741648321014933
0xb833b853b851f7d2bfa4925ea08ef8a6d9409fb2,9890129433379687863269
0xc710f631d24383ba9c78e4d4c1184768b8952814,3432811377215713200680
0xda9909b3ed4e797204c0037cbf72a7fa2d3c0951,11238174456672967309215
0xe1020ef868185c774048c1712d50f6bdc0c61df0,455634763884876060553420
0xe929522db998eb39d85ad0edbbdfcf33ed6cd67d,12092486104497092663964
0x439446ae1ccd44f184fd6e1d844ea779444095d5,21558840943081535272896
0xa6c8907a8c8fd92c03fa2573b98453e57b9810e3,436771405533299600624556
0x1fd4fc7ae2a04949ed86b0b1f7efc885b9f900b6,41065805813166872763194
0x6b99c66233c1cd41df54d8c2853ad4f86dbd1387,22260162287925185298926
0xb63a2ba291bbc45d7511e1b7e849930a7242e838,63300190574082266164459
0xd937e8d00be2a11dd2ebdff9a5bcfc416c2978ba,67138512618791668242801
0x9c19f2ffd274c43047b5a9b30d014a418305132a,95791746142942759180304
0x5479729956557d3d37a7ae5ac7a3fce95c7bd150,82648600108659749476556
0x423b0df4224699a7394287bf4b9201c0734c8f3f,21049794014840796497510
0x601aae7f7012a470abd9477e8336e9716b87c3aa,12072912945124007752828
0xf44b77699f29e1ca61dc02a0b82dd258323719f6,41970233601573047837970
0xda53a5e97d118076e5140ce35e052fcd5b99726b,14000000000000000000000
0x212aa63c85cd531f81d638f85f6aa5127c9e2a03,10893304744520524070264
0x13551bf18d289fb7ee8be6fbf92d48b5cb8a8747,3719567841694904399381
0xa45d66c0daab83a841cb1d8c12ae5fed96ed115c,2178015334028265498195886
0x7130ba45b7d292fbceff39a96235751d7afffe1d,86684949671932045392203
0x1ca4c419994a7f222c6529fa6dafa183f0bd962b,2542570203901530932024
0x585a1af86ec8048fa0e0bb4b9d1d976079460f38,55971112855401639863818
0x8b167b894fd968fcbe7805b41e5ae653ec22300a,2457728639634300812521
0x3ed2d2986543f1a0732e418b76569e74b128c450,5003674970211700805958
0xf060896b6fa23b1cca495c552fc85b47f3cea5c1,6783954164733950347352
0x164e5a79ce1c65f12d1e96e2ba737bf4cbc6c44e,216650934091084612705995
0x22fcaec71206f3e4422eb97ac9c846ea6b363a7b,15704071468822350587221
0x72e65042e5fe8ae73c4bfdf8ba86d961a4000770,102599622486947445337
0xf5035f5499799835b4cfde1f09efd4a5b360032c,23892356347273036699934
0x37482a4d72792c15c72b7cf624d1720338edf74c,35994657406356923817691
0x23595ab80f56367b585947fe8f0a883b3bf08c05,20042180403106275512703
0x5f9d3f84c7a433a15199999fe69eadb7e2d2fa21,21555096062728538125414
0x697d41551bc827c19882bb87f6a244016e897aaa,16166280675802004761427
0x9fc5dcfb15086fa19e5ce35894f8755f89dfff19,16166280675802004761427
0xd50dc208003337b3a224b86bc37d07f3c7318abc,16166280675802004761427
0xd79a6234afffef012ee2c613d018d1459add4d7a,16166280675802004761428
0x35111294ca72308f7950c631ae8a60976f6dc5a5,65094208399239971858503
0x926f509083cc220bd6ff62b35f3a9a3e4c82e1e3,5388570515455491773688
0xb2aa1d1939396df77590ded9dec1e2a88385982e,10293491891013159873227
0x81eb8691a4198d502e0802b7ac8a670020717b38,51708112168637070203680
0xc378ae7020ae0615dde7d19c4a5213db5fc47767,77161010994367138762640
0x4d61abac50ae13c08efc4de0ec9ef4c2857dcd9f,234855862835082311371795
0x7b319641b0cb8cbc171dc3356d7b9ffdcbdd985b,28867285131116238569830
0x323cc700255edeb10028fd4af7e3f7a3bcea277d,24949184285507660608004
0x90626328688ebafad0a51abb421c85f09df58854,10003197391276562931060
0x06c68cec14be93a6a0c93e5cf190c07fb063e131,6022682587345446116449
0x5013a1362342731b564d0ea650be99365782561f,5243807394167978182386
0xf07c49ea0c4dcd1f72fc9c8f3224220527337d81,5451530000221790205873
0x014991d376781b7bb4c6d68de0fbf353730323ae,5754496813806327291322
0x942475bb34275b2c752164310403c4a274ff9e61,7000000000000000000000
0x0a3c04b5db246bbaa253a7ddde014f4d221c5d11,5204495369988466887133
0x5c8a23b9937febda9782dd317786008fd481dda7,1801353624298115982653
0xa5673a05689f2b0d9c85c0a2c190fb19bb9c4cbe,116085449129325072680756
0x29fa5247183ff403c2ba19a435f401c5707f2d3c,10882654233380181114124
0x13f2379b2380a7614945fdadd2683591036ecbd5,5952791039167377865886
0xe6e1c8bd552c8e462aa7cbc2bfe99ab2e08c10d7,45327771086939168788441
0x404f53a2755b4a9d4c47d01ebcc298e4fb9704a9,19737924699667942355441
0x4df472cfb73ff0fbd4615bb478a064f006d011b5,5003217973827229187107
0xc435b51cd082e2e9605f0af188cf071162fac14e,83288799938093032514008
0x0c3385f3c5ea36d534ad9daaf546eeb7fc1eafb6,28137512958833853122992
0x600620baeada02160a8c08dd7deb4dbf2668d840,7778476618315992182121
0xf6f69cf660eebc0f021482c55ba09ee1caa8162e,35054184579839109462843
0x1372ff060cd9e51d16aba52a9170f76e57127680,43278243005471179353635
0x6394071be05dc758a3b8100f1b264875e764dde2,20000000000000000000000
0x52b23946ca580e92901659ee258b17eb5626dbad,20159524156565344955258
0x63500f60a8b3f206c6e2fff69a6b0d6c6c37332e,4499739742958675428434
0x82a1cd09e82d42ab3fce4d68ffb13f38201b2bda,7708195235296600608244
0x8dd44ee0e7d55ceac8a7dcfa335be9c8f2a88e61,11998017991457544962110
0xafd83de9fdf6fc7403c6830489f8a211bf73d15e,12134435118734653390323
0x6394071be05dc758a3b8100f1b264875e764dde2,29673148726856059525839
0x3ff15b69cead090110306d331f9c296cb9b28e38,24755058898000000005442
0x056ea8365365da2a0c7073b13d1bc8c4bae39a5a,19996915833481301621482
0x2154c44c7e74ebf130a810adb2cdff2d4a35a603,322191330418185122461
0x3685f20b81a9c110bbcb971409961df1c54912c8,4983706713865605471723
0xa606ebbbeb63efadc12c776f1af5d2d6f238f657,10000763991926570909478
0x4741f83e2fe41cd02b2a6845ca122951debfe227,11314397440348424998211
0x15cf309a15bd7bb2a1b478cc223e278660f9c3ed,226720019088586503542
0x22f0ae7772efca9ebc85c0c0c5cb6dbca2f040c1,99002099986906656537
0x92546e18885dcb559289e46652580543acb4e91c,299893813628660665717757
0x16967ff33b4a5c19143c5d5b3287f50cb257ad47,5016222090759265651594
0xcf1fa679bc864c13da91fd60003bcb2008204480,5613711998048330580853
0xe1947e3ccab2b6c46987eeccca6f5189d263c128,5451393497913625546690
0xeeb924b1e2b6ee4e55de1de6eae6c85aad8b8a32,5034598083855624983430
0x7aa15a6f584d82eb5486d80c43c221e3359eaa57,44675810733396256818704
0x6c9fe7f8b688202e4f94e5d35311887cc1f7a420,34618965547790408242571
0xf38588c716f0290cd9457f3cfdb3e5f3037023c4,7082467295914213273470
0x65b579f03f9d7fd6504f10ea5d885a2b694cb4ff,5004356904950434637421
0x274a3c047438f145bb435096fa52374c0863f624,114421921222368731345850
0x46a2cd3ad59de9b97eb494d7967545ea13cfc7c9,10398434064729748840316
0x5e5c752bc69d5b1cf2b80e238338bc2d0d85959b,5004024694873736115191
0xe885b66814397064f49859d95035017d0fff0255,93938544603155551362069
0x363fbe2d0699a941aa31176eee53c5598627e565,12179485996720216583983
0x6f03f52a3a50271f40969bd11e3d21cf868bb453,73473000000000000000000
0x89a6e7adbc17ffee13f9e6805adf2a9d1bff9944,11131100808020589159326
0xc39271110a7f2e210492d730d2586d32e2c2c37d,6035866617571360635120
0x029de5acb471b24d367cd71459d7542dd352de62,17991858854136795316964
0x6922a1d33d73a02391351a4b0c31d48619221694,6005567093592698991278
0x0a3c04b5db246bbaa253a7ddde014f4d221c5d11,640930674939086460256
0x5c8a23b9937febda9782dd317786008fd481dda7,30822015694861819438982
0xb49e9508ff49e53739a72435d3c41ed05519a4f0,467697362818301239207
0x624ce1ed71e1b1024c96a0e5582476847292840f,7007110385092377141431
0x16832664a66ed32fe4ecea571bf77ec11c4415e3,17742339339900664084630
0x96e2fe47fc5d5ff72aea129809364310b045d70c,181084702176742865099605
0x6a7e0209afaf36119f856c32e873c6e223dac523,20021319371688920940175
0x8be5312a0362685ac49ab1da3104ea2b476e104c,48924083998155629041230
0x1b5fc9612480c94af9b459425bd966d3bec80054,61329222195067081176705
0x3e506335e8eeb2745002233f469a4fcee8fd38f6,1512719353438871181147
0x904b3f6d3b88c4a5a880bc89633172c1d1d1b860,10218974289203386244082
0xebe346bc979742e7a378c16f2d36c8bba25907ff,111758733151670094515783
0xe42e5a2d77385290e2c5dd3f7780f78506745f26,15727315056237625320604
0x406c3fef5969b36231bd573adfc34e16f54d23e0,5493094867850659466737
0x21e5d9486ca4c3c0e0cde3b8a96f2e95fad730f0,2652605192213390485617
0x7181dab4121d934bebb0c9c8b0441e1c08bc7b77,15892106566063509450509
0x8a591a669a2c12cfe3a2ef5819b6f0a6eb8472f8,384443077580846928366
0x89e1d6f04073a64ec49bb2a3a09d942ecbd68cf9,10769017986123273604019
0x7c0848c37d1cfc8bb514e53b3148156f8d28a252,10000000000000000000
0x397ff15917790eaebe4359e4a71739ca0aa07673,6206641085936429312717
0xb75e8c20cd4fdfd351cc70c3c0f340f2498e04d5,102577287393186583285932
0x43fc66d4876baca379bc22e6afdef43a017a5068,18695063921995858154821
0x91fc4c2788a3a0a972e432a2e79f5cd8a3801a33,42271844125819041605189
0x530550e005bfeb24a392e77319961e1f32b1d5ce,37827956684661150064547
0xcdbf28072c99c435183ce833de7c9db08ebce7d3,36766940378883832533064
0x21d3df98b0a656224dd5c9370508c2cbc9fe3ecf,49950049950049950049
0x4169e052642f0dd2a937f8b218f72243b2bcfd79,49950049950049950
0x55015f8a1c05f9fb44bdd9e09545c9e07a609193,7600588422301534195021
0xfc6e9d9d7a2cc9f144c9e737608bd60d653bbb2f,145153645616867413779296
0x496d4cdfce1690a098c2a3c8ee40ed2c23a199e5,3000000000000000000
0xf26afbdde05d00b7bc4f62145a1aea9fd0105b06,5082579479467891059683
0x176d9347d31d41cbec66f68a00e30dfbd4c78f0f,5220495965296636879020
0x2178b8bb29fa3ab77af0db69857053326a820158,937915825765677205604
0x3d0fbf66d5333941a1f77bc47659bd1966220376,48231419349492233628187
0x498eb65f655cec8e26367da2efec9e565f242ba5,13617912334185671367463
0x60580737520267df976d16b69dd6b0880722c345,101819821900463354467844
0x85029f5ea54742c64632a27f47526825240fe285,18700977004270381221224
0x88bf450caccd8795dd671e694a280e53d9d29782,53028991222111677537255
0x8fda31168daef4f111d2b36ea4d777d3d21048ab,3894494091041666300973
0x961066afcbaff2f97a4dda2e8cc16cf19356cb77,248722588569499027056287
0xade3e428274ec1e17d284fc0e113a2aebf089c53,10484963222622608171623
0xafc3444e48eb831419e96b6284431b5ed4dc8329,301238229037577110552450
0xc6ea091a8623771be52db5f662b2a445a598fab3,9344336571857705137303
0xe8b11a762e978f16f183f74126d4c4fb035151b7,18875444394553186216342
0xfb6d9a31d8e2d4ad08d112f3814f6d4fb2af6488,3849516241293926710068
0x7a0c8b6cdb879cbc295c7f4248d847e16c7adde6,5100648769556498775744
0xd083e4c5ac9f2541169b1c3a2cb94ee15e294c4b,6050334207897402755482
0xa6ef35c9dd0c76d61c8bc142af4bb53a328e68aa,7842333477349402870540
0xf150bfb8158cf9c551d48369d2fad49e70649390,5100000000000000000000
0x2089eb5ef957fa431fc2b0b8aefb63caeb46ba8d,126944852346224305023727
0x5bd71294b34294bd7f8b0de13282030b5400acd3,11911251241794871881417
0x681f739a74791e7b5333406fc26550004a785d28,6521176626325331269609
0x6469c5c862ff54a489a07d83c1690e7c549baa7a,13089035133880090678018
0x681f739a74791e7b5333406fc26550004a785d28,5005295689171522250980
0x953dbd516457056c9b4498bd3aac3ef3421162e4,5225000000000000000000
0x1e73ffbbb4c1cb8c0e56cfe730733579488657b9,13279144466775835180975
0x1e73ffbbb4c1cb8c0e56cfe730733579488657b9,30058679205720103178792
0x1e73ffbbb4c1cb8c0e56cfe730733579488657b9,5000000000000000000417
0xc0befeefb561897e3a3f90de5f42b3c876b99806,20274552491606051136420
0x16342fc629006f42bf0b57e5a93defaa09533ad6,5002222615601715003314
0x4f94ab321f28866168f5b3f1767246d0226ae7d5,5502796235480613307011
0x216cba53835b67782f98face30c3f61f5d36657e,5718368542584211951521
0x02febd702ce3bc89bf74beee9a6abf68d7ff00b8,43514567313493825091901
0x0005f6c64351a2f07865d5c8ec87ca0962365ed9,40000000000000000000000
0x6cb4f8d6a3079efec8a4b5f0beef799181965393,5000000000000000000000
0x307a0b544129a1172a26676e84c93e7d13b25ef1,5822750321675837316972
0x6766ee1332f6fc973b86a0d83f41557e046d455c,25906141921677405126923
0xc55f9bffc77cb66f4ece08976952b16ef7682ccd,5000808222707117537487
0x1021f96e305f1dad9de36dea972a53a19c23ca71,5002281980086510048539
0x8d4a3d361556d2c57802266130de1290d8e35869,10419141094096284000733
0xa199476472c365cd09ee084815cee463281c155a,18996693013280112267960
0x15c8aba4c044b54d055e46fd9aca08c4f4f8424f,10500000000000000000000
0xd1be54b994c89c07b1779f77be6781d4c72a3164,8331651289281662423359
0xc97c0b83c1cf94201addbe641d15d331a0555699,19844462852440772586159
0x8fd8eb7d28d1f1d6542fb440b2b71b62e92e5d94,5100000000000000000000
0xb20b2bd972500552307b0ff1e245b294e540836e,1848633582344847221518506
0x4cc69dbd822dfefb606209407e688beaf4af6e55,10000001000000000000000
0x4cc69dbd822dfefb606209407e688beaf4af6e55,98773134868279641945191
0x8ee54ed42fac878dd38a84192c22362f66d04339,48381516476368273264871
0xb02ea92d5e0b667dc79487dbd34073e8f83ebf6c,2138069291962379266551
0xd8c2be7ec4b92fa9afc0e60410c81f7b34db7071,6215567721951424009146
0x7b56bbd4bfb642c582e9b28d6b489f0f57c750bc,265120309588854713201
0xd7838f40661efe503e0191a7160973819ead4a47,10997226987491503249200
0x6cf1d464730d9f976f3637f92e8080603b32edf2,73790000000000000000000
0x2b3f372492706913bb60fa869605cd5d8acc3cd0,5000000000000000000000
0x7164a0fcb0e34b5bbf868baf97df791da6c9ff60,4950000000000000000000
0x7164a0fcb0e34b5bbf868baf97df791da6c9ff60,4950000000000000000000
0xd00df26e28473c8dad5096b5e857ea7422ae5977,5940000000000000000000
0x2611f2475291d3091a129581388a37725ca1e1f3,6162594804884387565668
0x7673b1316c94b0bb7135dd32b812ab81c5097fc7,56602285015347669174898
0x3289407291724fca33d0337ce753735a7a4f5a79,5000000000000000000000
0x2972125d64f5c10600769dd881394b002d45016b,5000000000000000000000
0x2972125d64f5c10600769dd881394b002d45016b,5000000000000000000000
0x2972125d64f5c10600769dd881394b002d45016b,5000000000000000000000
0x2972125d64f5c10600769dd881394b002d45016b,5000000000000000000000
0x2972125d64f5c10600769dd881394b002d45016b,5000000000000000000000
0x7fe1a25b3d2b289d0edfdf48d42918a62ebf58ed,5000000000000000000000
0xfacbc301631841b00c76798339f0395c015473b0,60000000000000000000
0x37bf50c846b71fdc2cdc8cc52f7c7092a29f2e66,8401139527328655451
0x41e36d4ffb5b443b20f55bcff27c68ff086fe06f,42068150000640872926
0x7c0848c37d1cfc8bb514e53b3148156f8d28a252,4203860040105130301
0xfacbc301631841b00c76798339f0395c015473b0,4945326850431925341321
0x54dd72948c8176d742817767217fff3de2a17e77,5000000000000000000000
0x54dd72948c8176d742817767217fff3de2a17e77,5000000000000000000000
0x54dd72948c8176d742817767217fff3de2a17e77,5000000000000000000000
0x54dd72948c8176d742817767217fff3de2a17e77,5000000000000000000000
0xadf85f474478ac00b9368ced892d0e23c30ef714,5000000000000000000000
0xadf85f474478ac00b9368ced892d0e23c30ef714,5000000000000000000000
0xadf85f474478ac00b9368ced892d0e23c30ef714,5000000000000000000000
0xadf85f474478ac00b9368ced892d0e23c30ef714,5000000000000000000000
0xadf85f474478ac00b9368ced892d0e23c30ef714,5000000000000000000000
0xadf85f474478ac00b9368ced892d0e23c30ef714,5000000000000000000000
0xadf85f474478ac00b9368ced892d0e23c30ef714,5000000000000000000000
0xadf85f474478ac00b9368ced892d0e23c30ef714,5000000000000000000000
0xadf85f474478ac00b9368ced892d0e23c30ef714,5000000000000000000000
0xadf85f474478ac00b9368ced892d0e23c30ef714,5000000000000000000000
0xadf85f474478ac00b9368ced892d0e23c30ef714,5000000000000000000000
0xadf85f474478ac00b9368ced892d0e23c30ef714,5000000000000000000000
0xadf85f474478ac00b9368ced892d0e23c30ef714,5000000000000000000000
0xadf85f474478ac00b9368ced892d0e23c30ef714,5000000000000000000000
0x9114c4a162c2153a8226af30bf2e1bd2b765f7bf,211159256705768467625
0x9114c4a162c2153a8226af30bf2e1bd2b765f7bf,209128472162073534608
0x48b16a521042530b91b4406f12352711ef080f7f,58227503216758373169
0x21ff25e4894636c322274545a5744848a3b4ace2,633975674951626738385
0x8064d48e6232f0b0e91bdaa6b5cf2ca778f0b6d9,5000000000000000000000
0x1e888c4c56468784424b43af2c456f33f562412f,14000000000000000000
0x21ff25e4894636c322274545a5744848a3b4ace2,627844527268175566534
0x96f47c2ea39e0202481f6d6862a8fda6f0069fb2,210497940148407964975
0xd6c8af67720a07cdf7a0e77f08dfa9da7d916a6d,14000000000000000000
0xa75fb9441d7f1f8b9c1da1a413a092f29ac93cf3,12000000000000000000
0x0feec8f3f6c0c82ef62d1f4453468572242af7a1,335000000000000000000
0x5b8f6a6e3721d572c7c9dec6e2989812a5e0fb89,12000000000000000000
0x857776b520187618d34aadc9e68d9e4525e504c1,14000000000000000000
0xbf9eca850eeb9d0551448f8133521c6e4597e882,51467213804676124291
0x55cf6e4c50485b14e399c3c432190bc411d6add7,10000000000000000000
0x2d9ac0c0a1e3b1c5255fce202ae929824f5ce2f7,678199569663837117368
0xe4a24d4c86d85cdcafb842a9f3680783f02f7878,111287678126781014601
0xbd7fa1b8f6b5761bf314ac33f032aeef0b89c897,250000000000000000000
0x78f43468d84496fb1149fab867681c477290aad7,135314314674149864880
0x8a7ec2b7f96fbcd5021f366d036010a42a541d6b,12000000000000000000
0xeb887b715132e97bc1a3b181bf81a49be4f18545,417722346285138127978
0x532b914d7de711315f77b05bc4a28f4f09c2b920,10000000000000000000
0x1f18b2f57bce7acc0f50e3a23e7840a0bc82e33c,4000000000000000000
0xd95682e05409c4991c50ddaab555b9fbaf0ad58e,54000000000000000000
0x1edb0c3d27b11ba721dcec8a484c815c799082de,12000000000000000000
0x12ccc8ce85b511a571e58f1d2c7188b43fc584fb,10000000000000000000
0x21ff25e4894636c322274545a5744848a3b4ace2,55000000000000000000
0x424b5972297d4802cae78a58d819a47539dc8120,482434183338619021488
0x0589724b3a9c7d7388c087f5770ea846bdb4bc81,12000000000000000000
0x5eb14e93d2d665d861d6a8f74617b0df4a2345d8,59541709105231495595
0x9409ed48a770baff786dd4f43efb8ac2b9fc033f,4000000000000000000
0x9114c4a162c2153a8226af30bf2e1bd2b765f7bf,207103653325698339729
0x209fefee0686318ffe1b476e83a0e7bb83e5152b,12000000000000000000
0xb7843d921a9def60f5275deb947de906e2ce690b,10000000000000000000
0x8f65955ac0b127d6809fbd6e7fd3abdf734b8006,83500304610042504078
0xa75fb9441d7f1f8b9c1da1a413a092f29ac93cf3,14000000000000000000
0x78f1ff074f0c97abaec2db75a0de9f269d83f724,106101549658737367915
0xe16698bd46db37c9ef252bd0089fe525281e8541,422718441258190416051
0xe63646c8e44906a3d65c93bc451e3bb478fe35d8,10000000000000000000
0x6a725819bae3ce3da3eb7b34b9a2a85b1f37534e,12000000000000000000
0xdecba51e48a1731dc0e235f5178266e626fdfd08,12000000000000000000
0xf979e054d35e02203b2eaeccdbfdb6b00db80b31,69235762369187428763
0x3d2085e589c77201e65a72703bedd7e3e6ab79d3,6000000000000000000
0x2e466fb338844f54c45f28011329391d7af5bfb6,4000000000000000000
0x758ba2ef8c253df47ce4d4ee20834e6a839fcffa,8000000000000000000
0xdcc4ffcf9d989db97057654278efbc5848f5c8ea,8000000000000000000
0x15f1ede2e851bddd482867ec05d500e2fa0794d5,98408657773990800000
0x0feec8f3f6c0c82ef62d1f4453468572242af7a1,12000000000000000000
0xdb8d2c82ad93f0ceeea37377ebd8dbc41c465f13,8000000000000000000
0xeac8fbdc633f45e4f065f71a02db37dee33b45f9,12000000000000000000
0x0feec8f3f6c0c82ef62d1f4453468572242af7a1,99880000000000000000
0x21ff25e4894636c322274545a5744848a3b4ace2,52000000000000000000
0x0cb4581572abfe61d942de100937863c4d5a9bf6,8000000000000000000
0x8accf55aca8508fc61dbbdc630ba92cad3dd4faf,12000000000000000000
0x8accf55aca8508fc61dbbdc630ba92cad3dd4faf,53789004490276959049
0x78f43468d84496fb1149fab867681c477290aad7,133992217928911994806
0x0cb4581572abfe61d942de100937863c4d5a9bf6,8000000000000000000
0x7164a0fcb0e34b5bbf868baf97df791da6c9ff60,6000000000000000000
0x169d7ad3769e354f4312608935605d2127ac7ce6,8000000000000000000
0x15f1ede2e851bddd482867ec05d500e2fa0794d5,97449289220843391990
0xdb8d2c82ad93f0ceeea37377ebd8dbc41c465f13,4000000000000000000
0x13cf5a5c05ef1c83415c0d937b371ba585426e76,8000000000000000000
0xd28b0a19347c921121be469dba32bbd47f360a7b,317332507000000000000
0x41e36d4ffb5b443b20f55bcff27c68ff086fe06f,3718137154422366962612
0xbda3fa59155c064c3149d77d6e305381f1ba7b02,1281862845577633037388
0x9d6345c3f3cf428427eb26ce14de4f908a972168,5000000000000000000000
0xd83137a74f976f207fb5e138dc2dc78bf66fa9db,10000000000000000000
0xc3ae78cf0f927c47395cff0aa5f4f0ebec676d7a,6000000000000000000
0xd28b0a19347c921121be469dba32bbd47f360a7b,314223980226132684070
0x0feec8f3f6c0c82ef62d1f4453468572242af7a1,500000000000000000000
0xdecba51e48a1731dc0e235f5178266e626fdfd08,10000000000000000000
0x67822b8c1f6d832601df955f370a7b7f3192c7ea,8000000000000000000
0x90743e3701f6dc31929122558100f62a5636ac93,2000000000000000000
0x818651e01e00ac7c4a1f8477824ea45146589bd2,6000000000000000000
0xbbf2492e7ad9f690f09c809f077c9529105587b5,14000000000000000000
0xc3ae78cf0f927c47395cff0aa5f4f0ebec676d7a,10000000000000000000
0x7bb903166946fc2adb0658703843d8c1e9f96248,14000000000000000000
0x08217787c81f4c460b3e2102f0498ecd2787e86a,51007421318644992346
0x78f1ff074f0c97abaec2db75a0de9f269d83f724,105065693017904933591
0x8accf55aca8508fc61dbbdc630ba92cad3dd4faf,53204302924893752432
0x8f9b6fcfcfd48e85c896bf64cd6fe1969999032f,10000000000000000000
0x2d1629ed21a2d49e048fd9e04789bb22502a4cce,247388763173717006994
0x0c2fe6f7d62cfe3eed331f65348b8490749955fb,12000000000000000000
0xbeee0a4897aad327ebe3a031b27c2eb31047fc08,14000000000000000000
0x0cb4581572abfe61d942de100937863c4d5a9bf6,10000000000000000000
0xd768c594b9057e86f93563c8689e2a103324856f,6000000000000000000
0xdc92f5b17e02c6884061c8ca23fe0056719d4c7f,10000000000000000000
0x686a3534aed9d9764b5fba0b28a88777c0d4f640,100000000000000000000
0x424b5972297d4802cae78a58d819a47539dc8120,50000949137646210894
0xadeb98f41261daf569736995ac9cc6becd5ececa,8000000000000000000
0x0d4122bb38cdeeab8878de69056895e21abb7a45,50000000000000000000
0xe4a24d4c86d85cdcafb842a9f3680783f02f7878,110207518218940618533
0xdcc4ffcf9d989db97057654278efbc5848f5c8ea,12000000000000000000
0xcb8b16c2d1e40b96694b1d5b297613b3adff31f3,80000000000000000000
0x2ba97a4c0d326813ff3c02e9f53416838b3a1b7f,6000000000000000000
0x1f18b2f57bce7acc0f50e3a23e7840a0bc82e33c,8000000000000000000
0x643ffd34146b8204bb0ac0c46f0ce423ce9c4342,4000000000000000000
0x30ae1adfad21619b22806a9042cc70945b838b35,12000000000000000000
0xbc2a93b9a868eea75c7a8132073e019647576319,12000000000000000000
0x8f9b6fcfcfd48e85c896bf64cd6fe1969999032f,8000000000000000000
0x78f1ff074f0c97abaec2db75a0de9f269d83f724,104091127673513864907
0xa085b5fec451bf4c6faef81d28fd37db7f78962d,10000000000000000000
0x758ba2ef8c253df47ce4d4ee20834e6a839fcffa,8000000000000000000
0x09693ce7933a5ab403374f3a2f7725a0039f4f35,12000000000000000000
0xa75fb9441d7f1f8b9c1da1a413a092f29ac93cf3,141080000000000000000
0x59873a6ff6d8adcbe3926a76d9a74b4d83d96bcc,6000000000000000000
0x7164a0fcb0e34b5bbf868baf97df791da6c9ff60,12000000000000000000
0x588f8500e56bc62d943bfe84e59373d3115a0d07,50428977362898144504
0xf75050fb5685aec8387a18aea8ecc7ac941f40e6,10000000000000000000
0x1edb0c3d27b11ba721dcec8a484c815c799082de,10000000000000000000
0x8745883f8042e53961213107f6d00acb0889c914,8000000000000000000
0x2ba97a4c0d326813ff3c02e9f53416838b3a1b7f,6000000000000000000
0x8111f5b7831dc7a7a77790244e4a6189aff0dce6,302050000000000000000
0x8accf55aca8508fc61dbbdc630ba92cad3dd4faf,52697549610341209938
0x4fc178f1b76c77aeac6796d92999da8eeaa9b5ea,14000000000000000000
0xadeb98f41261daf569736995ac9cc6becd5ececa,10000000000000000000
0x818651e01e00ac7c4a1f8477824ea45146589bd2,12000000000000000000
0x0a5def67faf522f5f4659d19880d6ecb12412352,6000000000000000000
0x2ad38b78898d1fc8522908196ed1dfd5a4eb245f,10000000000000000000
0xcd8735554f910257522eda62bc3265dee11a49f9,10000000000000000000
0x30ae1adfad21619b22806a9042cc70945b838b35,8000000000000000000
0xd2ffca847f245902a0d8a9f25cc377208f136b46,50854689558502674097
0xb5a0e1c40c358d22eb11839ea038e906bb498bfd,169819573039600000000
0x2f9f997db14da7d41cba85fb3a2b91cdf6cd3f00,14000000000000000000
0x67822b8c1f6d832601df955f370a7b7f3192c7ea,4000000000000000000
0x3da2cd672fc74e2530c738c914ac92b8ba09fe8c,10000000000000000000
0x3b0b15db5aa1d2152ed02b294d399ae29c652238,54000000000000000000
0x9114c4a162c2153a8226af30bf2e1bd2b765f7bf,205590643488040121343
0xa842c1f687e4438cf6b2bac6a39d4ed5451b18eb,8000000000000000000
0xd28b0a19347c921121be469dba32bbd47f360a7b,311109939671918014586
0xb7929b68d143b3e81cc6e788b6a396861539483a,12000000000000000000
0x41e36d4ffb5b443b20f55bcff27c68ff086fe06f,4041931254745973953200
0x8064d48e6232f0b0e91bdaa6b5cf2ca778f0b6d9,958068745254026046800
0x2ba97a4c0d326813ff3c02e9f53416838b3a1b7f,10000000000000000000
0x7bbd36bcb5c23de5c2ef1d7d1be2c5afe6214d9b,6000000000000000000
0x0cb4581572abfe61d942de100937863c4d5a9bf6,6000000000000000000
0x3b0b15db5aa1d2152ed02b294d399ae29c652238,153800000000000000000
0xa085b5fec451bf4c6faef81d28fd37db7f78962d,8000000000000000000
0xe4a24d4c86d85cdcafb842a9f3680783f02f7878,109162586917384790430
0x55cf6e4c50485b14e399c3c432190bc411d6add7,4000000000000000000
0x0cc6da506a0be0edfb18661763d696689eab554b,8000000000000000000
0xd28b0a19347c921121be469dba32bbd47f360a7b,50000000000000000000
0x818651e01e00ac7c4a1f8477824ea45146589bd2,10000000000000000000
0x1bc3d40da92a4edf238bb370ef854c445f487a83,8000000000000000000
0x3fb66e88a8b96939d49b5263afaa7582559fa35e,4000000000000000000
0x7f57f6ad25c501deb2fcaca863264f593efe31d8,52114489437177848185
0x3da2cd672fc74e2530c738c914ac92b8ba09fe8c,6000000000000000000
0xbc2a93b9a868eea75c7a8132073e019647576319,8000000000000000000
0x3b0b15db5aa1d2152ed02b294d399ae29c652238,50000000000000000000
0xa842c1f687e4438cf6b2bac6a39d4ed5451b18eb,12000000000000000000
0x8a7ec2b7f96fbcd5021f366d036010a42a541d6b,6000000000000000000
0xcedd2b8c66d2ee2a6b5ec0c5d74c6ea5f4053f4e,10000000000000000000
0x7e261f9982dba903a98cbd9ecba7bdb422645390,8000000000000000000
0xdb8d2c82ad93f0ceeea37377ebd8dbc41c465f13,4000000000000000000
0x906a3c0e4c15bdef4429b2f4e4f48d6184f9a17f,10000000000000000000
0x2ba97a4c0d326813ff3c02e9f53416838b3a1b7f,12000000000000000000
0xeac8fbdc633f45e4f065f71a02db37dee33b45f9,12000000000000000000
0x0cb4581572abfe61d942de100937863c4d5a9bf6,6000000000000000000
0x686a3534aed9d9764b5fba0b28a88777c0d4f640,446553727706508747817
0x59873a6ff6d8adcbe3926a76d9a74b4d83d96bcc,10000000000000000000
0x13cf5a5c05ef1c83415c0d937b371ba585426e76,6000000000000000000
0x2e0bc19b59d575b539a162dddbbdfaaabbb98547,536291640870193296885
0xd245e841fef6fea83710c97b48c2fa8593609560,12000000000000000000
0x9f99b3af9d89a1edbe8f01e85d646e833d342481,6000000000000000000
0x06ecc7c5d8f768723a9d175b35be34d5d04fb766,10000000000000000000
0x2f9f997db14da7d41cba85fb3a2b91cdf6cd3f00,8000000000000000000
0x8ca89694a32fc6b51ffd00466e84f710e2669f42,50000000000000000000
0x334c7e9bfc5905a2dc61f6fb5ed0bbff6c3f5d37,12000000000000000000
0x5f6bc8a28a62ceb73f576109548a69e707518d8a,10000000000000000000
0x608ab57a77cbd960ec007c10db2870bbc367b48b,10000000000000000000
0x82bf32eed9493932dd3ba42a8f31e31decca911c,8000000000000000000
0xbbf2492e7ad9f690f09c809f077c9529105587b5,10000000000000000000
0xe45cb0fb84947729211326b9123df2c81cc3f349,10000000000000000000
0x12ccc8ce85b511a571e58f1d2c7188b43fc584fb,14000000000000000000
0x9409ed48a770baff786dd4f43efb8ac2b9fc033f,8000000000000000000
0x0cb4581572abfe61d942de100937863c4d5a9bf6,6000000000000000000
0xd28b0a19347c921121be469dba32bbd47f360a7b,50000000000000000000
0x0b5760d63343e2004ea19f9ddc731b5e8a7ce3db,10000000000000000000
0x2ba97a4c0d326813ff3c02e9f53416838b3a1b7f,14000000000000000000
0xbbf2492e7ad9f690f09c809f077c9529105587b5,12000000000000000000
0x42492ac902854cb9898dd837d0b3f1ae2d9fad82,253876723531917992170
0x1e888c4c56468784424b43af2c456f33f562412f,4000000000000000000
0xae4e1ebf30772d86055be81e23436abb76013800,6000000000000000000
0x09693ce7933a5ab403374f3a2f7725a0039f4f35,12000000000000000000
0xd28b0a19347c921121be469dba32bbd47f360a7b,50000000000000000000
0xa29be56627acb01f26fc0166c0620c6658d65faf,12000000000000000000
0xcc904c73a0b56aeca550f1c823f86117d9f8cb6f,14000000000000000000
0xd83137a74f976f207fb5e138dc2dc78bf66fa9db,6000000000000000000
0xbf9eca850eeb9d0551448f8133521c6e4597e882,6000000000000000000
0x985752843188f6fa8c4572cd6acfbd7e062383ac,50000000000000000000
0x05a8121307c289329be7ec4c486db9718edcd7fb,12000000000000000000
0xbc2a93b9a868eea75c7a8132073e019647576319,14000000000000000000
0x0f31acde7f35a38c30c050640acc909a76c23cdb,109353302823204270206
0x334c7e9bfc5905a2dc61f6fb5ed0bbff6c3f5d37,12000000000000000000
0x5b7a7a7c75d5df330240c198f71c8e9bb9472774,8000000000000000000
0xb547fa7aeb4d0cb4e7029978d2eb5a5bdbcc28f6,50000000000000000000
0x7164a0fcb0e34b5bbf868baf97df791da6c9ff60,14000000000000000000
0x0391414d6d9296e3926f3b572c9d2c2fc9b31321,4000000000000000000
0x38d6b7f5341fce668da940caa5a4558178ebaaa6,50825794794678000000
0x06709788536a8cbbe78faf041dbee61bb1e33cf8,127142463386460381300
0x41e36d4ffb5b443b20f55bcff27c68ff086fe06f,2478999030101341681690
0x54dd72948c8176d742817767217fff3de2a17e77,2521000969898658318310
0x15f1ede2e851bddd482867ec05d500e2fa0794d5,96497268984762844904
0x0cb4581572abfe61d942de100937863c4d5a9bf6,14000000000000000000
0x12ccc8ce85b511a571e58f1d2c7188b43fc584fb,12000000000000000000
0xd83137a74f976f207fb5e138dc2dc78bf66fa9db,4000000000000000000
0x06bf2f15b5e4bf28cf14269ef5756cb45d5d60c0,4000000000000000000
0xa3f45a3192b4f41f8272fc605cca3fcf28641741,8000000000000000000
0x7164a0fcb0e34b5bbf868baf97df791da6c9ff60,12000000000000000000
0x06709788536a8cbbe78faf041dbee61bb1e33cf8,125900392828141620575
0x455a84795c0f84a77b956f36c6d8726ec78c8881,8000000000000000000
0xbc2a93b9a868eea75c7a8132073e019647576319,10000000000000000000
0x9c0dfa0d40ff426fc285968460c1a8aa47c08082,12000000000000000000
0xc956bab66dab74a7058cd2c39d0518222809df68,6000000000000000000
0x0d4122bb38cdeeab8878de69056895e21abb7a45,10000000000000000000
0x41e36d4ffb5b443b20f55bcff27c68ff086fe06f,3416705639077312066102
0xadf85f474478ac00b9368ced892d0e23c30ef714,1583294360922687933898
0x06ecc7c5d8f768723a9d175b35be34d5d04fb766,6000000000000000000
0x3da2cd672fc74e2530c738c914ac92b8ba09fe8c,14000000000000000000
0xcc904c73a0b56aeca550f1c823f86117d9f8cb6f,8000000000000000000
0x985752843188f6fa8c4572cd6acfbd7e062383ac,50000000000000000000
0xfde19736572386c3c91b1ef27f2e8f01580ca6e1,10000000000000000000
0xa0412fd5044062a1c36af69c2dd8a290badfaa1e,51000000000000000000
0xc79eb1b0a3dfb8db5c05b39d82ce32dfb2efef4b,6000000000000000000
0x2f9f997db14da7d41cba85fb3a2b91cdf6cd3f00,8000000000000000000
0x9f99b3af9d89a1edbe8f01e85d646e833d342481,8000000000000000000
0xfd876239f9ffe64663c7e9943bde3772223c8977,300000000000000000000
0x852af13400c7d267e343e000d9824d26b9da4117,10000000000000000000
0x23cb2fc1ededeeb186ec022584c41588177a0c97,50000000000000000000
0x8ca89694a32fc6b51ffd00466e84f710e2669f42,52500000000000000000
0x857776b520187618d34aadc9e68d9e4525e504c1,12000000000000000000
0x9f99b3af9d89a1edbe8f01e85d646e833d342481,8000000000000000000
0x1edb0c3d27b11ba721dcec8a484c815c799082de,10000000000000000000
0xe93f7b7f7ad9b0726bdc3a3f92f511a006625ccf,50000000000000000000
0x0720b5fd225ab255fc02bf38a653881aa703bb44,8000000000000000000
0xa0412fd5044062a1c36af69c2dd8a290badfaa1e,51000000000000000000
0xb6e2aef94b0d41db39bb9eb36f9dea6f6db5062a,6000000000000000000
0x2ba97a4c0d326813ff3c02e9f53416838b3a1b7f,14000000000000000000
0x23cb2fc1ededeeb186ec022584c41588177a0c97,50000000000000000000
0x334c7e9bfc5905a2dc61f6fb5ed0bbff6c3f5d37,12000000000000000000
0x758ba2ef8c253df47ce4d4ee20834e6a839fcffa,8000000000000000000
0xea8dc77d5c612c681a848e34990d0ed258ca2a6e,8000000000000000000
0x0720b5fd225ab255fc02bf38a653881aa703bb44,8000000000000000000
0x8a7ec2b7f96fbcd5021f366d036010a42a541d6b,14000000000000000000
0x455a84795c0f84a77b956f36c6d8726ec78c8881,8000000000000000000
0x33154a73dec27d1f18a764778f49a439fc9fc8ca,8000000000000000000
0x2e466fb338844f54c45f28011329391d7af5bfb6,12000000000000000000
0xba6ae26027c49ec9dce26a22ab78d5f997ead868,10000000000000000000
0xef2b0485601e62d68108e54c3c1a808aff17fbb0,8000000000000000000
0xbc2a93b9a868eea75c7a8132073e019647576319,10000000000000000000
0x0cb4581572abfe61d942de100937863c4d5a9bf6,10000000000000000000
0xcedd2b8c66d2ee2a6b5ec0c5d74c6ea5f4053f4e,14000000000000000000
0x3da2cd672fc74e2530c738c914ac92b8ba09fe8c,10000000000000000000
0x9c7aaa36f69453d4c0d5e1a9f8b6a834199028ae,12000000000000000000
0x90743e3701f6dc31929122558100f62a5636ac93,12000000000000000000
0x06bf2f15b5e4bf28cf14269ef5756cb45d5d60c0,10000000000000000000
0x1edb0c3d27b11ba721dcec8a484c815c799082de,10000000000000000000
0x0391414d6d9296e3926f3b572c9d2c2fc9b31321,14000000000000000000
0x32e2997768d67209c2807381dffc195896b8c7ac,14000000000000000000
0xf979e054d35e02203b2eaeccdbfdb6b00db80b31,68759883185369257903
0x26b8929ea7a6cf2b5f92a5d86a7f98299a0a2bb8,12000000000000000000
0x4c592f079091897b46dc249375d1937f0add64b5,14000000000000000000
0xcb8b16c2d1e40b96694b1d5b297613b3adff31f3,79234177395334734967
0xafd00ac475ea52439233f137bcd43bba7349fabc,6000000000000000000
0xc6c78e17e6fefc10b33f02109ff7e3ddc9aa08af,14000000000000000000
0xafd00ac475ea52439233f137bcd43bba7349fabc,10000000000000000000
0xbd7fa1b8f6b5761bf314ac33f032aeef0b89c897,50000000000000000000
0x26b8929ea7a6cf2b5f92a5d86a7f98299a0a2bb8,12000000000000000000
0xd06933b234ea8f1d5cb6bd6e5f99021130f38f27,8000000000000000000
0x075b25fd2081dfc1bec622950e0f59ee96aa9b9e,12000000000000000000
0xe63646c8e44906a3d65c93bc451e3bb478fe35d8,12000000000000000000
0xbb0e3d00d9f357c259d40bc065359e13f9109c85,12000000000000000000
0x3fb66e88a8b96939d49b5263afaa7582559fa35e,12000000000000000000
0xdbf4a9c73d625aba1e8cc66855028e271a6ac080,1049785785464482165212
0xbd7fa1b8f6b5761bf314ac33f032aeef0b89c897,100000000000000000000
0xafd00ac475ea52439233f137bcd43bba7349fabc,8000000000000000000
0x985752843188f6fa8c4572cd6acfbd7e062383ac,50000000000000000000
0x758ba2ef8c253df47ce4d4ee20834e6a839fcffa,10000000000000000000
0xb0e338f4a4ae5670b3b40d7e8c9bde02896ce218,50000000000000000000
0x67822b8c1f6d832601df955f370a7b7f3192c7ea,10000000000000000000
0x831bde84b38f2b0e456fe98419711ee66cbe8acc,10000000000000000000
0xa971a754c22720955d6f58f1a6ea321a0a96ec78,50000000000000000000
0xe45cb0fb84947729211326b9123df2c81cc3f349,10000000000000000000
0x0a7e8a873ea8dd32d85aee6fc0f66bac43244c0f,463041334999022628489
0x4691f83b535c7080558e0a5a50ffcd3a8e071ba2,12000000000000000000
0x2ba97a4c0d326813ff3c02e9f53416838b3a1b7f,8000000000000000000
0x26b8929ea7a6cf2b5f92a5d86a7f98299a0a2bb8,269124004077484440058
0x3b0b15db5aa1d2152ed02b294d399ae29c652238,50000000000000000000
0xd28b0a19347c921121be469dba32bbd47f360a7b,4950000000000000000000
0xbc2a93b9a868eea75c7a8132073e019647576319,10000000000000000000
0x2ba97a4c0d326813ff3c02e9f53416838b3a1b7f,10000000000000000000
0xfd876239f9ffe64663c7e9943bde3772223c8977,405079925471071541549
0xe45cb0fb84947729211326b9123df2c81cc3f349,10000000000000000000
0x1f0f56bd13db2a8b2e278743d3c248037b98ae64,10000000000000000000
0x1bc3d40da92a4edf238bb370ef854c445f487a83,6000000000000000000
0xc06f6cbeea1da998e7efacba665d40a5eeb39c6e,10000000000000000000
0xa3f45a3192b4f41f8272fc605cca3fcf28641741,8000000000000000000
0xcd8735554f910257522eda62bc3265dee11a49f9,8000000000000000000
0x53c9ec43c7ad805278542ffef323d1f1b606c25c,10000000000000000000
0xcedd2b8c66d2ee2a6b5ec0c5d74c6ea5f4053f4e,6000000000000000000
0x5181b249fdc2d0de67d32eb1d23aa537ae7519bd,10000000000000000000
0x23cb2fc1ededeeb186ec022584c41588177a0c97,52000000000000000000
0x8111f5b7831dc7a7a77790244e4a6189aff0dce6,60000000000000000000
0x3581a344f0c6959bffb8241e6f934ae3305c6cf2,12000000000000000000
0x59873a6ff6d8adcbe3926a76d9a74b4d83d96bcc,12000000000000000000
0xdbf4a9c73d625aba1e8cc66855028e271a6ac080,1126747757413152024083
0xed24d512f5dbda63db59763bd911b2e4269f4561,8000000000000000000
0xe63646c8e44906a3d65c93bc451e3bb478fe35d8,12000000000000000000
0x8111f5b7831dc7a7a77790244e4a6189aff0dce6,299000000000000000000
0xafd00ac475ea52439233f137bcd43bba7349fabc,10000000000000000000
0x209fefee0686318ffe1b476e83a0e7bb83e5152b,12000000000000000000
0x694c76569000eb8a9ada7826d62dd9cce778123b,12000000000000000000
0xbbf2492e7ad9f690f09c809f077c9529105587b5,10000000000000000000
0xbb0e3d00d9f357c259d40bc065359e13f9109c85,8000000000000000000
0x5103bd486a1da26352bdb1bab85253b46dd2d713,10000000000000000000
0xdbf4a9c73d625aba1e8cc66855028e271a6ac080,1341455998470030822623
0x95cd6bcd1736afd4308065dc2933b3cae227262a,12000000000000000000
0x3d2085e589c77201e65a72703bedd7e3e6ab79d3,14000000000000000000
0xe3a408bb2c7a59a8e30797c9b8211e256894d53d,530390840182768387882
0xa3e1d50c1751073eba7197d3c9329bab30c05412,14000000000000000000
0xd83137a74f976f207fb5e138dc2dc78bf66fa9db,12000000000000000000
0x3da2cd672fc74e2530c738c914ac92b8ba09fe8c,10000000000000000000
0xd83137a74f976f207fb5e138dc2dc78bf66fa9db,12000000000000000000
0x3da2cd672fc74e2530c738c914ac92b8ba09fe8c,8000000000000000000
0x78f43468d84496fb1149fab867681c477290aad7,134097674861052185921
0x2f9f997db14da7d41cba85fb3a2b91cdf6cd3f00,150000000000000000000
0x2f9f997db14da7d41cba85fb3a2b91cdf6cd3f00,50000000000000000000
0x2f9f997db14da7d41cba85fb3a2b91cdf6cd3f00,103086790684456335341
0x2f9f997db14da7d41cba85fb3a2b91cdf6cd3f00,50000000000000000000
0x4318aae1679fa71ab045597d4dd04467743b50b9,62030392724930159323
0x80dd4677d48d6b085d5fb5ba4691419e7c758008,10000000000000000000
0x09693ce7933a5ab403374f3a2f7725a0039f4f35,14000000000000000000
0xeb887b715132e97bc1a3b181bf81a49be4f18545,80000000000000000000
0xeb887b715132e97bc1a3b181bf81a49be4f18545,100000000000000000000
0xeb887b715132e97bc1a3b181bf81a49be4f18545,77308722218414761415
0xeb887b715132e97bc1a3b181bf81a49be4f18545,80000000000000000000
0xeb887b715132e97bc1a3b181bf81a49be4f18545,80000000000000000000
0x6a725819bae3ce3da3eb7b34b9a2a85b1f37534e,12000000000000000000
0x9c0dfa0d40ff426fc285968460c1a8aa47c08082,10000000000000000000
0x0ea6d98ec950d6a7217bffc614065df2726cf9df,76922313066273497420
0x22f0ae7772efca9ebc85c0c0c5cb6dbca2f040c1,33077686933726502579
0x0ea6d98ec950d6a7217bffc614065df2726cf9df,69929375514794088564
0x22f0ae7772efca9ebc85c0c0c5cb6dbca2f040c1,30070624485205911435
0x0ea6d98ec950d6a7217bffc614065df2726cf9df,83638295961743434494
0x22f0ae7772efca9ebc85c0c0c5cb6dbca2f040c1,35965654947340717230
0xe09577f92a8e3235b9b40f3b5cddd14f020bf026,12000000000000000000
0x5b8f6a6e3721d572c7c9dec6e2989812a5e0fb89,60942797484324261867
0x43fd4a901d149ff310fa10e4a9a9706c2340458f,6214023330274183175578
0x43fd4a901d149ff310fa10e4a9a9706c2340458f,5690000000000000000000
0x43fd4a901d149ff310fa10e4a9a9706c2340458f,5678815719711746982138
0x43fd4a901d149ff310fa10e4a9a9706c2340458f,5887117849692500000000
0x43fd4a901d149ff310fa10e4a9a9706c2340458f,5588591197423231429070
0x43fd4a901d149ff310fa10e4a9a9706c2340458f,6085529667498269088142
0x43fd4a901d149ff310fa10e4a9a9706c2340458f,5573000000000000000000
0x5f6bc8a28a62ceb73f576109548a69e707518d8a,500000000000000000000
0x43fd4a901d149ff310fa10e4a9a9706c2340458f,6076888686781998283188
0x04c369b6aa4653841abde08a039b0626e2607bb2,104214482213140032481
0xc4b882cf8ab0a79d270e620eaf86629f37fa0f49,14000000000000000000
0x3fb66e88a8b96939d49b5263afaa7582559fa35e,10000000000000000000
0x2f057645ee877a0e69bc70b0582d257ae159cf9e,827153985009245809362
0x1066a983a43784a5ca8d1d07bbbe001e6b3e4f9f,8000000000000000000
0xdc92f5b17e02c6884061c8ca23fe0056719d4c7f,12000000000000000000
0x5f6bc8a28a62ceb73f576109548a69e707518d8a,500000000000000000000
0x5f6bc8a28a62ceb73f576109548a69e707518d8a,339944445636010785381
0x9c0dfa0d40ff426fc285968460c1a8aa47c08082,10000000000000000000
0x4faa3b88c50d95ed6f3a55fb3f472ccd862558a5,62823698906347992798
0x857776b520187618d34aadc9e68d9e4525e504c1,10000000000000000000
0xdc92f5b17e02c6884061c8ca23fe0056719d4c7f,10000000000000000000
0x80dd4677d48d6b085d5fb5ba4691419e7c758008,10000000000000000000
0x3581a344f0c6959bffb8241e6f934ae3305c6cf2,10000000000000000000
0x7a1bdd72a6a623bf527d032cd92e6a6c4ac9abda,12000000000000000000
0xddd39f129b8d3d8ea385bdf3581e69e607595ac8,10000000000000000000
0xc4b882cf8ab0a79d270e620eaf86629f37fa0f49,12000000000000000000
0x4e82c842a0797f52d583536afb9c687a1fe8e4f9,4950000000000000000000
0x3581a344f0c6959bffb8241e6f934ae3305c6cf2,12000000000000000000
0x6a725819bae3ce3da3eb7b34b9a2a85b1f37534e,10000000000000000000
0x7a1bdd72a6a623bf527d032cd92e6a6c4ac9abda,12000000000000000000
0x1f18b2f57bce7acc0f50e3a23e7840a0bc82e33c,12000000000000000000
0x7a1bdd72a6a623bf527d032cd92e6a6c4ac9abda,10000000000000000000
0x05a8121307c289329be7ec4c486db9718edcd7fb,10000000000000000000
0x4e82c842a0797f52d583536afb9c687a1fe8e4f9,151831151993457338320
0xbb0e3d00d9f357c259d40bc065359e13f9109c85,14000000000000000000
0xc6eedaa4be34043487ce8d54db12ad053da1e19f,12000000000000000000
0x8f65955ac0b127d6809fbd6e7fd3abdf734b8006,84519695834737389718
0x051cb85c55e914deb75469af8b5ec19c2213b110,54000000000000000000
0x6a725819bae3ce3da3eb7b34b9a2a85b1f37534e,10000000000000000000
0x8accf55aca8508fc61dbbdc630ba92cad3dd4faf,14000000000000000000
0xdecba51e48a1731dc0e235f5178266e626fdfd08,14000000000000000000
0x6a725819bae3ce3da3eb7b34b9a2a85b1f37534e,10000000000000000000
0x4be65a6d94a2b12b602c1cbb94d057438db37d83,5000000000000000000000
0x8accf55aca8508fc61dbbdc630ba92cad3dd4faf,14000000000000000000
0xafb4a0003d15b9ba31649442a40ba7d438cc9939,14000000000000000000
0x8accf55aca8508fc61dbbdc630ba92cad3dd4faf,12000000000000000000
0xafb4a0003d15b9ba31649442a40ba7d438cc9939,14000000000000000000
0xe63646c8e44906a3d65c93bc451e3bb478fe35d8,14000000000000000000
0x3581a344f0c6959bffb8241e6f934ae3305c6cf2,14000000000000000000
0xc6eedaa4be34043487ce8d54db12ad053da1e19f,14000000000000000000
0xc3854dda9204cdcc022208fe81f33a4da3246495,12000000000000000000
0x80dd4677d48d6b085d5fb5ba4691419e7c758008,14000000000000000000
0x2ba97a4c0d326813ff3c02e9f53416838b3a1b7f,14000000000000000000
0xdea516e2afe07fd43f20425c892d8c2f45ec5025,12000000000000000000
0x80dd4677d48d6b085d5fb5ba4691419e7c758008,10000000000000000000
0xc3854dda9204cdcc022208fe81f33a4da3246495,14000000000000000000
0xc3854dda9204cdcc022208fe81f33a4da3246495,14000000000000000000
0x80dd4677d48d6b085d5fb5ba4691419e7c758008,10000000000000000000
0xc3854dda9204cdcc022208fe81f33a4da3246495,14000000000000000000
0xddd39f129b8d3d8ea385bdf3581e69e607595ac8,10000000000000000000
0xbb0e3d00d9f357c259d40bc065359e13f9109c85,12000000000000000000
0xe649dd43eb47d14fd1069c641a5dfd57456f19ec,5000000000000000000000
0x857776b520187618d34aadc9e68d9e4525e504c1,10000000000000000000
0xe63646c8e44906a3d65c93bc451e3bb478fe35d8,10000000000000000000
0x3581a344f0c6959bffb8241e6f934ae3305c6cf2,12000000000000000000
0x5eb14e93d2d665d861d6a8f74617b0df4a2345d8,59669313361221297944
0xc3854dda9204cdcc022208fe81f33a4da3246495,8000000000000000000
0x82bf32eed9493932dd3ba42a8f31e31decca911c,10000000000000000000
0x80dd4677d48d6b085d5fb5ba4691419e7c758008,10000000000000000000
0xfb76f26b604c431f0af4f3fa4c399e5913bd5853,10000000000000000000
0xc3854dda9204cdcc022208fe81f33a4da3246495,12000000000000000000
0x857776b520187618d34aadc9e68d9e4525e504c1,14000000000000000000
0xfb76f26b604c431f0af4f3fa4c399e5913bd5853,10000000000000000000
0x857776b520187618d34aadc9e68d9e4525e504c1,8000000000000000000
0x7f57f6ad25c501deb2fcaca863264f593efe31d8,10000000000000000000
0xc3854dda9204cdcc022208fe81f33a4da3246495,14000000000000000000
0xef2b0485601e62d68108e54c3c1a808aff17fbb0,10000000000000000000
0x90c35ebaf157abb18523c945847dae50df48ca74,12000000000000000000
0x7f57f6ad25c501deb2fcaca863264f593efe31d8,14000000000000000000
0x39a04a1e92f7ef870ad56e3a942be2ec806bb7a0,10000000000000000000
0xdea516e2afe07fd43f20425c892d8c2f45ec5025,10000000000000000000
0x7f57f6ad25c501deb2fcaca863264f593efe31d8,10000000000000000000
0x82bf32eed9493932dd3ba42a8f31e31decca911c,10000000000000000000
0xcfbb8a33308e60c729ae518d98bcc128711667e4,5000000000000000000000
0x90c35ebaf157abb18523c945847dae50df48ca74,12000000000000000000
0xef2b0485601e62d68108e54c3c1a808aff17fbb0,12000000000000000000
0x1f18b2f57bce7acc0f50e3a23e7840a0bc82e33c,12000000000000000000
0x7f57f6ad25c501deb2fcaca863264f593efe31d8,10000000000000000000
0x857776b520187618d34aadc9e68d9e4525e504c1,10000000000000000000
0xef2b0485601e62d68108e54c3c1a808aff17fbb0,10000000000000000000
0x7f57f6ad25c501deb2fcaca863264f593efe31d8,10000000000000000000
0x7f57f6ad25c501deb2fcaca863264f593efe31d8,14000000000000000000
0xcedd2b8c66d2ee2a6b5ec0c5d74c6ea5f4053f4e,12000000000000000000
0xef2b0485601e62d68108e54c3c1a808aff17fbb0,14000000000000000000
0x39a04a1e92f7ef870ad56e3a942be2ec806bb7a0,8000000000000000000
0x2e0bc19b59d575b539a162dddbbdfaaabbb98547,8000000000000000000
0x2ba97a4c0d326813ff3c02e9f53416838b3a1b7f,12000000000000000000
0x7e261f9982dba903a98cbd9ecba7bdb422645390,102857310412397886811
0x2e0bc19b59d575b539a162dddbbdfaaabbb98547,8000000000000000000
0x1f18b2f57bce7acc0f50e3a23e7840a0bc82e33c,14000000000000000000
0xddd39f129b8d3d8ea385bdf3581e69e607595ac8,14000000000000000000
0x93eafa847be6f09c436ee0a3655de4f47a4947c8,5000000000000000000000
0x1141e63bcecf1add004f225674bb0a252170402f,12000000000000000000
0xd28b0a19347c921121be469dba32bbd47f360a7b,12000000000000000000
0xdea516e2afe07fd43f20425c892d8c2f45ec5025,14000000000000000000
0x5edd4a1a642f1def271e53ef1878680a1013313e,10000000000000000000
0x2e0bc19b59d575b539a162dddbbdfaaabbb98547,10000000000000000000
0x80dd4677d48d6b085d5fb5ba4691419e7c758008,12000000000000000000
0xddd39f129b8d3d8ea385bdf3581e69e607595ac8,14000000000000000000
0x857776b520187618d34aadc9e68d9e4525e504c1,12000000000000000000
0x857776b520187618d34aadc9e68d9e4525e504c1,12000000000000000000
0x05a8121307c289329be7ec4c486db9718edcd7fb,14000000000000000000
0x2ba97a4c0d326813ff3c02e9f53416838b3a1b7f,12000000000000000000
0x82bf32eed9493932dd3ba42a8f31e31decca911c,12000000000000000000
0x1f18b2f57bce7acc0f50e3a23e7840a0bc82e33c,12000000000000000000
0x55cf6e4c50485b14e399c3c432190bc411d6add7,14000000000000000000
0x59873a6ff6d8adcbe3926a76d9a74b4d83d96bcc,12000000000000000000
0x2e0bc19b59d575b539a162dddbbdfaaabbb98547,10000000000000000000
0x05a8121307c289329be7ec4c486db9718edcd7fb,14000000000000000000
0x857776b520187618d34aadc9e68d9e4525e504c1,12000000000000000000
0xc6eedaa4be34043487ce8d54db12ad053da1e19f,10000000000000000000
0xddd39f129b8d3d8ea385bdf3581e69e607595ac8,10000000000000000000
0x1f18b2f57bce7acc0f50e3a23e7840a0bc82e33c,12000000000000000000
0xcedd2b8c66d2ee2a6b5ec0c5d74c6ea5f4053f4e,10000000000000000000
0x1141e63bcecf1add004f225674bb0a252170402f,14000000000000000000
0x55cf6e4c50485b14e399c3c432190bc411d6add7,12000000000000000000
0x857776b520187618d34aadc9e68d9e4525e504c1,12000000000000000000
0x1141e63bcecf1add004f225674bb0a252170402f,14000000000000000000
0xd1996179243780e7bd3493b9851acdfcc18933f0,10000000000000000000
0x82bf32eed9493932dd3ba42a8f31e31decca911c,12000000000000000000
0xd28b0a19347c921121be469dba32bbd47f360a7b,10000000000000000000
0x857776b520187618d34aadc9e68d9e4525e504c1,8000000000000000000
0xf75050fb5685aec8387a18aea8ecc7ac941f40e6,14000000000000000000
0x1f18b2f57bce7acc0f50e3a23e7840a0bc82e33c,10000000000000000000
0xd28b0a19347c921121be469dba32bbd47f360a7b,10000000000000000000
0xbb0e3d00d9f357c259d40bc065359e13f9109c85,8000000000000000000
0x857776b520187618d34aadc9e68d9e4525e504c1,14000000000000000000
0x23cb2fc1ededeeb186ec022584c41588177a0c97,14000000000000000000
0x55cf6e4c50485b14e399c3c432190bc411d6add7,10000000000000000000
0x05a8121307c289329be7ec4c486db9718edcd7fb,8000000000000000000
0xc79eb1b0a3dfb8db5c05b39d82ce32dfb2efef4b,12000000000000000000
0xe63646c8e44906a3d65c93bc451e3bb478fe35d8,10000000000000000000
0x82bf32eed9493932dd3ba42a8f31e31decca911c,10000000000000000000
0x5666281d84670c1ae2af9ff0809c41f828c7af0e,14000000000000000000
0x23cb2fc1ededeeb186ec022584c41588177a0c97,12000000000000000000
0xd28b0a19347c921121be469dba32bbd47f360a7b,12000000000000000000
0x55cf6e4c50485b14e399c3c432190bc411d6add7,12000000000000000000
0x857776b520187618d34aadc9e68d9e4525e504c1,10000000000000000000
0xf75050fb5685aec8387a18aea8ecc7ac941f40e6,14000000000000000000
0x96edeec2318331f396f8ae04f9b31e53d3834e73,12000000000000000000
0xd28b0a19347c921121be469dba32bbd47f360a7b,12000000000000000000
0x05a8121307c289329be7ec4c486db9718edcd7fb,10000000000000000000
0x80dd4677d48d6b085d5fb5ba4691419e7c758008,10000000000000000000
0xf75050fb5685aec8387a18aea8ecc7ac941f40e6,10000000000000000000
0xddd39f129b8d3d8ea385bdf3581e69e607595ac8,12000000000000000000
0xafb4a0003d15b9ba31649442a40ba7d438cc9939,12000000000000000000
0xe9a455535d9abbd62fe73ea2632451cff471b59c,135000000000000000000
0x55cf6e4c50485b14e399c3c432190bc411d6add7,12000000000000000000
0x8f65955ac0b127d6809fbd6e7fd3abdf734b8006,84020871486549265519
0xf75050fb5685aec8387a18aea8ecc7ac941f40e6,10000000000000000000
0xe63646c8e44906a3d65c93bc451e3bb478fe35d8,10000000000000000000
0xd28b0a19347c921121be469dba32bbd47f360a7b,14000000000000000000
0xf75050fb5685aec8387a18aea8ecc7ac941f40e6,12000000000000000000
0x80dd4677d48d6b085d5fb5ba4691419e7c758008,12000000000000000000
0xafb4a0003d15b9ba31649442a40ba7d438cc9939,14000000000000000000
0x5666281d84670c1ae2af9ff0809c41f828c7af0e,14000000000000000000
0x0c8f139ecf46b57ad2fd7144390eba4a402326e1,12000000000000000000
0xc6eedaa4be34043487ce8d54db12ad053da1e19f,10000000000000000000
0x857776b520187618d34aadc9e68d9e4525e504c1,12000000000000000000
0x5666281d84670c1ae2af9ff0809c41f828c7af0e,10000000000000000000
0x2e0bc19b59d575b539a162dddbbdfaaabbb98547,14000000000000000000
0xc79eb1b0a3dfb8db5c05b39d82ce32dfb2efef4b,14000000000000000000
0x23cb2fc1ededeeb186ec022584c41588177a0c97,12000000000000000000
0x2e0bc19b59d575b539a162dddbbdfaaabbb98547,12000000000000000000
0x55cf6e4c50485b14e399c3c432190bc411d6add7,14000000000000000000
0xc6eedaa4be34043487ce8d54db12ad053da1e19f,12000000000000000000
0xe63646c8e44906a3d65c93bc451e3bb478fe35d8,12000000000000000000
0xc79eb1b0a3dfb8db5c05b39d82ce32dfb2efef4b,14000000000000000000
0x96edeec2318331f396f8ae04f9b31e53d3834e73,10000000000000000000
0xcfbb8a33308e60c729ae518d98bcc128711667e4,5000000000000000000000
0x1f18b2f57bce7acc0f50e3a23e7840a0bc82e33c,12000000000000000000
0x23cb2fc1ededeeb186ec022584c41588177a0c97,12000000000000000000
0xdcc4ffcf9d989db97057654278efbc5848f5c8ea,12000000000000000000
0xe63646c8e44906a3d65c93bc451e3bb478fe35d8,12000000000000000000
0x06bf2f15b5e4bf28cf14269ef5756cb45d5d60c0,12000000000000000000
0x0d4122bb38cdeeab8878de69056895e21abb7a45,12000000000000000000
0x82bf32eed9493932dd3ba42a8f31e31decca911c,14000000000000000000
0x1f18b2f57bce7acc0f50e3a23e7840a0bc82e33c,12000000000000000000
0x8745883f8042e53961213107f6d00acb0889c914,14000000000000000000
0x857776b520187618d34aadc9e68d9e4525e504c1,14000000000000000000
0xe63646c8e44906a3d65c93bc451e3bb478fe35d8,12000000000000000000
0x4318aae1679fa71ab045597d4dd04467743b50b9,12000000000000000000
0xe07bde8b16ced14235d9544968c0cf828c4c829c,177168387258177307863
0x8745883f8042e53961213107f6d00acb0889c914,14000000000000000000
0x06bf2f15b5e4bf28cf14269ef5756cb45d5d60c0,12000000000000000000
0xe63646c8e44906a3d65c93bc451e3bb478fe35d8,12000000000000000000
0x7eea746b89e655bc9ceb818e56365e584b16438d,12000000000000000000
0x39a04a1e92f7ef870ad56e3a942be2ec806bb7a0,10000000000000000000
0x857776b520187618d34aadc9e68d9e4525e504c1,12000000000000000000
0x857776b520187618d34aadc9e68d9e4525e504c1,12000000000000000000
0x2d9ac0c0a1e3b1c5255fce202ae929824f5ce2f7,14000000000000000000
0x06bf2f15b5e4bf28cf14269ef5756cb45d5d60c0,12000000000000000000
0x7f57f6ad25c501deb2fcaca863264f593efe31d8,12000000000000000000
0x022cf76f2fa266d505a702ae1bd1c57015818740,12000000000000000000
0x26b8929ea7a6cf2b5f92a5d86a7f98299a0a2bb8,12000000000000000000
0x857776b520187618d34aadc9e68d9e4525e504c1,14000000000000000000
0x82bf32eed9493932dd3ba42a8f31e31decca911c,14000000000000000000
0x317a10656fa56653b15f7060c6beb257b1be6d04,10000000000000000000
0x8745883f8042e53961213107f6d00acb0889c914,12000000000000000000
0x2e0bc19b59d575b539a162dddbbdfaaabbb98547,12000000000000000000
0x1f18b2f57bce7acc0f50e3a23e7840a0bc82e33c,12000000000000000000
0xd28b0a19347c921121be469dba32bbd47f360a7b,14000000000000000000
0x4318aae1679fa71ab045597d4dd04467743b50b9,12000000000000000000
0x7030f4d0dc092449e4868c8ddc9bc00a14c9f561,12000000000000000000
0xc79eb1b0a3dfb8db5c05b39d82ce32dfb2efef4b,14000000000000000000
0x317a10656fa56653b15f7060c6beb257b1be6d04,12000000000000000000
0x1f18b2f57bce7acc0f50e3a23e7840a0bc82e33c,12000000000000000000
0x8745883f8042e53961213107f6d00acb0889c914,4000000000000000000
0x857776b520187618d34aadc9e68d9e4525e504c1,12000000000000000000
0x857776b520187618d34aadc9e68d9e4525e504c1,12000000000000000000
0xc79eb1b0a3dfb8db5c05b39d82ce32dfb2efef4b,10000000000000000000
0x2e0bc19b59d575b539a162dddbbdfaaabbb98547,14000000000000000000
0x96edeec2318331f396f8ae04f9b31e53d3834e73,14000000000000000000
0xc6eedaa4be34043487ce8d54db12ad053da1e19f,12000000000000000000
0x7eea746b89e655bc9ceb818e56365e584b16438d,12000000000000000000
0x06bf2f15b5e4bf28cf14269ef5756cb45d5d60c0,8000000000000000000
0x8745883f8042e53961213107f6d00acb0889c914,14000000000000000000
0x2e0bc19b59d575b539a162dddbbdfaaabbb98547,14000000000000000000
0x857776b520187618d34aadc9e68d9e4525e504c1,12000000000000000000
0xc79eb1b0a3dfb8db5c05b39d82ce32dfb2efef4b,10000000000000000000
0x7f57f6ad25c501deb2fcaca863264f593efe31d8,14000000000000000000
0x26b8929ea7a6cf2b5f92a5d86a7f98299a0a2bb8,10000000000000000000
0xf75050fb5685aec8387a18aea8ecc7ac941f40e6,14000000000000000000
0x1f18b2f57bce7acc0f50e3a23e7840a0bc82e33c,12000000000000000000
0x829cb63c3220c66ad563641d342ff152a5ee3390,50804023899471153082
0x829cb63c3220c66ad563641d342ff152a5ee3390,50872721405631329211
0x2e0bc19b59d575b539a162dddbbdfaaabbb98547,14000000000000000000
0xafb4a0003d15b9ba31649442a40ba7d438cc9939,70000000000000000000
0xafb4a0003d15b9ba31649442a40ba7d438cc9939,70540000000000000000
0x26b8929ea7a6cf2b5f92a5d86a7f98299a0a2bb8,12000000000000000000
0xc79eb1b0a3dfb8db5c05b39d82ce32dfb2efef4b,10000000000000000000
0x857776b520187618d34aadc9e68d9e4525e504c1,12000000000000000000
0xc6eedaa4be34043487ce8d54db12ad053da1e19f,12000000000000000000
0x857776b520187618d34aadc9e68d9e4525e504c1,14000000000000000000
0x1141e63bcecf1add004f225674bb0a252170402f,12000000000000000000
0xf75050fb5685aec8387a18aea8ecc7ac941f40e6,14000000000000000000
0x04c369b6aa4653841abde08a039b0626e2607bb2,105125986668096830368
0x26b8929ea7a6cf2b5f92a5d86a7f98299a0a2bb8,10000000000000000000
0x2e0bc19b59d575b539a162dddbbdfaaabbb98547,14000000000000000000
0x317a10656fa56653b15f7060c6beb257b1be6d04,12000000000000000000
0x39a04a1e92f7ef870ad56e3a942be2ec806bb7a0,8000000000000000000
0xc6eedaa4be34043487ce8d54db12ad053da1e19f,10000000000000000000
0x55cf6e4c50485b14e399c3c432190bc411d6add7,6000000000000000000
0x1f18b2f57bce7acc0f50e3a23e7840a0bc82e33c,12000000000000000000
0x857776b520187618d34aadc9e68d9e4525e504c1,12000000000000000000
0x96edeec2318331f396f8ae04f9b31e53d3834e73,10000000000000000000
0x55cf6e4c50485b14e399c3c432190bc411d6add7,14000000000000000000
0xc6eedaa4be34043487ce8d54db12ad053da1e19f,12000000000000000000
0xc79eb1b0a3dfb8db5c05b39d82ce32dfb2efef4b,12000000000000000000
0x2e0bc19b59d575b539a162dddbbdfaaabbb98547,14000000000000000000
0x829cb63c3220c66ad563641d342ff152a5ee3390,5000000000000000000000
0x829cb63c3220c66ad563641d342ff152a5ee3390,5000000000000000000000
0x829cb63c3220c66ad563641d342ff152a5ee3390,5000000000000000000000
0x829cb63c3220c66ad563641d342ff152a5ee3390,5000000000000000000000
0xc6eedaa4be34043487ce8d54db12ad053da1e19f,12000000000000000000
0x0a5def67faf522f5f4659d19880d6ecb12412352,14000000000000000000
0x7eea746b89e655bc9ceb818e56365e584b16438d,10000000000000000000
0x8745883f8042e53961213107f6d00acb0889c914,14000000000000000000
0xd1996179243780e7bd3493b9851acdfcc18933f0,14000000000000000000
0x55cf6e4c50485b14e399c3c432190bc411d6add7,14000000000000000000
0x23cb2fc1ededeeb186ec022584c41588177a0c97,12000000000000000000
0x857776b520187618d34aadc9e68d9e4525e504c1,14000000000000000000
0x8745883f8042e53961213107f6d00acb0889c914,12000000000000000000
0x857776b520187618d34aadc9e68d9e4525e504c1,14000000000000000000
0x7eea746b89e655bc9ceb818e56365e584b16438d,12000000000000000000
0xafb4a0003d15b9ba31649442a40ba7d438cc9939,14000000000000000000
0x1141e63bcecf1add004f225674bb0a252170402f,12000000000000000000
0x857776b520187618d34aadc9e68d9e4525e504c1,14000000000000000000
0xa842c1f687e4438cf6b2bac6a39d4ed5451b18eb,12000000000000000000
0x96edeec2318331f396f8ae04f9b31e53d3834e73,12000000000000000000
0x23cb2fc1ededeeb186ec022584c41588177a0c97,12000000000000000000
0x857776b520187618d34aadc9e68d9e4525e504c1,14000000000000000000
0xd28b0a19347c921121be469dba32bbd47f360a7b,14000000000000000000
0x55cf6e4c50485b14e399c3c432190bc411d6add7,14000000000000000000
0xe63646c8e44906a3d65c93bc451e3bb478fe35d8,12000000000000000000
0x424b5972297d4802cae78a58d819a47539dc8120,12000000000000000000
0x23cb2fc1ededeeb186ec022584c41588177a0c97,12000000000000000000
0x96edeec2318331f396f8ae04f9b31e53d3834e73,6000000000000000000
0x80dd4677d48d6b085d5fb5ba4691419e7c758008,12000000000000000000
0xafb4a0003d15b9ba31649442a40ba7d438cc9939,14000000000000000000
0x39a04a1e92f7ef870ad56e3a942be2ec806bb7a0,10000000000000000000
0xc79eb1b0a3dfb8db5c05b39d82ce32dfb2efef4b,14000000000000000000
0x23cb2fc1ededeeb186ec022584c41588177a0c97,12000000000000000000
0x8745883f8042e53961213107f6d00acb0889c914,10000000000000000000
0x7f57f6ad25c501deb2fcaca863264f593efe31d8,14000000000000000000
0xd1996179243780e7bd3493b9851acdfcc18933f0,12000000000000000000
0x857776b520187618d34aadc9e68d9e4525e504c1,14000000000000000000
0x41e36d4ffb5b443b20f55bcff27c68ff086fe06f,1754665925568486142416
0xcfbb8a33308e60c729ae518d98bcc128711667e4,3245334074431513857584
0x1141e63bcecf1add004f225674bb0a252170402f,12000000000000000000
0x26b8929ea7a6cf2b5f92a5d86a7f98299a0a2bb8,12000000000000000000
0x39a04a1e92f7ef870ad56e3a942be2ec806bb7a0,10000000000000000000
0x23cb2fc1ededeeb186ec022584c41588177a0c97,10000000000000000000
0x857776b520187618d34aadc9e68d9e4525e504c1,14000000000000000000
0xe63646c8e44906a3d65c93bc451e3bb478fe35d8,12000000000000000000
0x857776b520187618d34aadc9e68d9e4525e504c1,12000000000000000000
0xd1996179243780e7bd3493b9851acdfcc18933f0,12000000000000000000
0x41e36d4ffb5b443b20f55bcff27c68ff086fe06f,4298117795343534937821
0x7fe1a25b3d2b289d0edfdf48d42918a62ebf58ed,701882204656465062179
0x55cf6e4c50485b14e399c3c432190bc411d6add7,12000000000000000000
0x13cf5a5c05ef1c83415c0d937b371ba585426e76,12000000000000000000
0xc79eb1b0a3dfb8db5c05b39d82ce32dfb2efef4b,14000000000000000000
0xc79eb1b0a3dfb8db5c05b39d82ce32dfb2efef4b,10000000000000000000
0x7f57f6ad25c501deb2fcaca863264f593efe31d8,12000000000000000000
0x2f9f997db14da7d41cba85fb3a2b91cdf6cd3f00,14000000000000000000
0x41e36d4ffb5b443b20f55bcff27c68ff086fe06f,1791267334940189544147
0x9d6345c3f3cf428427eb26ce14de4f908a972168,3158732665059810455853
0x022cf76f2fa266d505a702ae1bd1c57015818740,12000000000000000000
0x1f18b2f57bce7acc0f50e3a23e7840a0bc82e33c,12000000000000000000
0x857776b520187618d34aadc9e68d9e4525e504c1,14000000000000000000
0xc79eb1b0a3dfb8db5c05b39d82ce32dfb2efef4b,14000000000000000000
0x39a04a1e92f7ef870ad56e3a942be2ec806bb7a0,10000000000000000000
0xe63646c8e44906a3d65c93bc451e3bb478fe35d8,12000000000000000000
0xc79eb1b0a3dfb8db5c05b39d82ce32dfb2efef4b,14000000000000000000
0x857776b520187618d34aadc9e68d9e4525e504c1,10000000000000000000
0x317a10656fa56653b15f7060c6beb257b1be6d04,12000000000000000000
0xd28b0a19347c921121be469dba32bbd47f360a7b,14000000000000000000
0x26b8929ea7a6cf2b5f92a5d86a7f98299a0a2bb8,12000000000000000000
0x0d4122bb38cdeeab8878de69056895e21abb7a45,14000000000000000000
0x13cf5a5c05ef1c83415c0d937b371ba585426e76,12000000000000000000
0x55cf6e4c50485b14e399c3c432190bc411d6add7,12000000000000000000
0xd28b0a19347c921121be469dba32bbd47f360a7b,14000000000000000000
0x7eea746b89e655bc9ceb818e56365e584b16438d,10000000000000000000
0x857776b520187618d34aadc9e68d9e4525e504c1,12000000000000000000
0xd1996179243780e7bd3493b9851acdfcc18933f0,14000000000000000000
0x857776b520187618d34aadc9e68d9e4525e504c1,12000000000000000000
0x5666281d84670c1ae2af9ff0809c41f828c7af0e,10000000000000000000
0x96edeec2318331f396f8ae04f9b31e53d3834e73,8000000000000000000
0xe63646c8e44906a3d65c93bc451e3bb478fe35d8,14000000000000000000
0xe63646c8e44906a3d65c93bc451e3bb478fe35d8,10000000000000000000
0xa693a51e9f19224e92d8d276191336f7318aae34,14000000000000000000
0x26b8929ea7a6cf2b5f92a5d86a7f98299a0a2bb8,14000000000000000000
0x857776b520187618d34aadc9e68d9e4525e504c1,12000000000000000000
0x96edeec2318331f396f8ae04f9b31e53d3834e73,10000000000000000000
0xdea516e2afe07fd43f20425c892d8c2f45ec5025,14000000000000000000
0x424b5972297d4802cae78a58d819a47539dc8120,12000000000000000000
0x022cf76f2fa266d505a702ae1bd1c57015818740,12000000000000000000
0x7eea746b89e655bc9ceb818e56365e584b16438d,12000000000000000000
0xe63646c8e44906a3d65c93bc451e3bb478fe35d8,10000000000000000000
0xd1996179243780e7bd3493b9851acdfcc18933f0,14000000000000000000
0x0c2fe6f7d62cfe3eed331f65348b8490749955fb,12000000000000000000
0x68e7f373946cbd732507ea0dbe097ce919daf05c,14000000000000000000
0x26b8929ea7a6cf2b5f92a5d86a7f98299a0a2bb8,14000000000000000000
0x1141e63bcecf1add004f225674bb0a252170402f,10000000000000000000
0x5666281d84670c1ae2af9ff0809c41f828c7af0e,14000000000000000000
0xc79eb1b0a3dfb8db5c05b39d82ce32dfb2efef4b,10000000000000000000
0x857776b520187618d34aadc9e68d9e4525e504c1,14000000000000000000
0xe63646c8e44906a3d65c93bc451e3bb478fe35d8,8000000000000000000
0x8745883f8042e53961213107f6d00acb0889c914,12000000000000000000
0xd1996179243780e7bd3493b9851acdfcc18933f0,12000000000000000000
0x13cf5a5c05ef1c83415c0d937b371ba585426e76,12000000000000000000
0x0a5def67faf522f5f4659d19880d6ecb12412352,14000000000000000000
0x26b8929ea7a6cf2b5f92a5d86a7f98299a0a2bb8,14000000000000000000
0xc79eb1b0a3dfb8db5c05b39d82ce32dfb2efef4b,10000000000000000000
0x317a10656fa56653b15f7060c6beb257b1be6d04,12000000000000000000
0x55cf6e4c50485b14e399c3c432190bc411d6add7,12000000000000000000
0x1ab1bcb9f112fdf24d3453e20fc7b28a0910ddb8,12000000000000000000
0x1141e63bcecf1add004f225674bb0a252170402f,12000000000000000000
0x13cf5a5c05ef1c83415c0d937b371ba585426e76,12000000000000000000
0x96edeec2318331f396f8ae04f9b31e53d3834e73,14000000000000000000
0x8745883f8042e53961213107f6d00acb0889c914,12000000000000000000
0x7eea746b89e655bc9ceb818e56365e584b16438d,12000000000000000000
0x39a04a1e92f7ef870ad56e3a942be2ec806bb7a0,12000000000000000000
0x857776b520187618d34aadc9e68d9e4525e504c1,12000000000000000000
0x1f18b2f57bce7acc0f50e3a23e7840a0bc82e33c,14000000000000000000
0x8745883f8042e53961213107f6d00acb0889c914,10000000000000000000
0x857776b520187618d34aadc9e68d9e4525e504c1,12000000000000000000
0xc79eb1b0a3dfb8db5c05b39d82ce32dfb2efef4b,10000000000000000000
0xf8bfc39420b1bfe4d1974f9d544dc685eec7a16e,150000000000000000000
0x96edeec2318331f396f8ae04f9b31e53d3834e73,14000000000000000000
0x80dd4677d48d6b085d5fb5ba4691419e7c758008,14000000000000000000
0x1ab1bcb9f112fdf24d3453e20fc7b28a0910ddb8,12000000000000000000
0x857776b520187618d34aadc9e68d9e4525e504c1,14000000000000000000
0x0a5def67faf522f5f4659d19880d6ecb12412352,12000000000000000000
0x857776b520187618d34aadc9e68d9e4525e504c1,14000000000000000000
0xe63646c8e44906a3d65c93bc451e3bb478fe35d8,12000000000000000000
0x857776b520187618d34aadc9e68d9e4525e504c1,6000000000000000000
0x13cf5a5c05ef1c83415c0d937b371ba585426e76,12000000000000000000
0x1f18b2f57bce7acc0f50e3a23e7840a0bc82e33c,10000000000000000000
0x39a04a1e92f7ef870ad56e3a942be2ec806bb7a0,12000000000000000000
0x90743e3701f6dc31929122558100f62a5636ac93,441807039450755785707
0x1ab1bcb9f112fdf24d3453e20fc7b28a0910ddb8,10000000000000000000
0x13cf5a5c05ef1c83415c0d937b371ba585426e76,10000000000000000000
0x1f18b2f57bce7acc0f50e3a23e7840a0bc82e33c,12000000000000000000
0x857776b520187618d34aadc9e68d9e4525e504c1,10000000000000000000
0x39a04a1e92f7ef870ad56e3a942be2ec806bb7a0,10000000000000000000
0x5666281d84670c1ae2af9ff0809c41f828c7af0e,8000000000000000000
0x4318aae1679fa71ab045597d4dd04467743b50b9,10000000000000000000
0x0c8f139ecf46b57ad2fd7144390eba4a402326e1,10000000000000000000
0x26b8929ea7a6cf2b5f92a5d86a7f98299a0a2bb8,10000000000000000000
0x0a5def67faf522f5f4659d19880d6ecb12412352,12000000000000000000
0x96edeec2318331f396f8ae04f9b31e53d3834e73,10000000000000000000
0x5666281d84670c1ae2af9ff0809c41f828c7af0e,12000000000000000000
0xe63646c8e44906a3d65c93bc451e3bb478fe35d8,12000000000000000000
0xdea516e2afe07fd43f20425c892d8c2f45ec5025,12000000000000000000
0x857776b520187618d34aadc9e68d9e4525e504c1,14000000000000000000
0x2f9f997db14da7d41cba85fb3a2b91cdf6cd3f00,14000000000000000000
0x857776b520187618d34aadc9e68d9e4525e504c1,10000000000000000000
0x8f65955ac0b127d6809fbd6e7fd3abdf734b8006,85650321531368431154
0x26b8929ea7a6cf2b5f92a5d86a7f98299a0a2bb8,8000000000000000000
0x13cf5a5c05ef1c83415c0d937b371ba585426e76,12000000000000000000
0xdea516e2afe07fd43f20425c892d8c2f45ec5025,12000000000000000000
0x087c6ce931a7f2c917669b964e5a8b0bc6a92030,50037039693980329997
0x0a5def67faf522f5f4659d19880d6ecb12412352,12000000000000000000
0x8745883f8042e53961213107f6d00acb0889c914,10000000000000000000
0x5666281d84670c1ae2af9ff0809c41f828c7af0e,4000000000000000000
0x8745883f8042e53961213107f6d00acb0889c914,10000000000000000000
0x26b8929ea7a6cf2b5f92a5d86a7f98299a0a2bb8,8000000000000000000
0xc79eb1b0a3dfb8db5c05b39d82ce32dfb2efef4b,12000000000000000000
0x0c8f139ecf46b57ad2fd7144390eba4a402326e1,10000000000000000000
0x8745883f8042e53961213107f6d00acb0889c914,12000000000000000000
0x9f30e3708f39dc482288eaac10e1f13a086fab05,14000000000000000000
0x022cf76f2fa266d505a702ae1bd1c57015818740,12000000000000000000
0xc79eb1b0a3dfb8db5c05b39d82ce32dfb2efef4b,10000000000000000000
0x26b8929ea7a6cf2b5f92a5d86a7f98299a0a2bb8,8000000000000000000
0x55cf6e4c50485b14e399c3c432190bc411d6add7,12000000000000000000
0xe07bde8b16ced14235d9544968c0cf828c4c829c,177279970198797500453
0x8745883f8042e53961213107f6d00acb0889c914,10000000000000000000
0x0c8f139ecf46b57ad2fd7144390eba4a402326e1,10000000000000000000
0xa693a51e9f19224e92d8d276191336f7318aae34,12000000000000000000
0x0a5def67faf522f5f4659d19880d6ecb12412352,10000000000000000000
0x2f9f997db14da7d41cba85fb3a2b91cdf6cd3f00,10000000000000000000
0xa693a51e9f19224e92d8d276191336f7318aae34,14000000000000000000
0xc79eb1b0a3dfb8db5c05b39d82ce32dfb2efef4b,10000000000000000000
0x022cf76f2fa266d505a702ae1bd1c57015818740,12000000000000000000
0x13cf5a5c05ef1c83415c0d937b371ba585426e76,14000000000000000000
0x9f30e3708f39dc482288eaac10e1f13a086fab05,14000000000000000000
0x0a5def67faf522f5f4659d19880d6ecb12412352,12000000000000000000
0x643ffd34146b8204bb0ac0c46f0ce423ce9c4342,8000000000000000000
0x4318aae1679fa71ab045597d4dd04467743b50b9,12000000000000000000
0x7a1bdd72a6a623bf527d032cd92e6a6c4ac9abda,12000000000000000000
0x0c8f139ecf46b57ad2fd7144390eba4a402326e1,10000000000000000000
0xa693a51e9f19224e92d8d276191336f7318aae34,14000000000000000000
0xc79eb1b0a3dfb8db5c05b39d82ce32dfb2efef4b,12000000000000000000
0xa693a51e9f19224e92d8d276191336f7318aae34,14000000000000000000
0xb0e338f4a4ae5670b3b40d7e8c9bde02896ce218,10000000000000000000
0x7eea746b89e655bc9ceb818e56365e584b16438d,12000000000000000000
0xc79eb1b0a3dfb8db5c05b39d82ce32dfb2efef4b,10000000000000000000
0x643ffd34146b8204bb0ac0c46f0ce423ce9c4342,10000000000000000000
0x0c8f139ecf46b57ad2fd7144390eba4a402326e1,10000000000000000000
0x317a10656fa56653b15f7060c6beb257b1be6d04,10000000000000000000
0x78f1ff074f0c97abaec2db75a0de9f269d83f724,62547970885417850727
0x8745883f8042e53961213107f6d00acb0889c914,8000000000000000000
0x55cf6e4c50485b14e399c3c432190bc411d6add7,6000000000000000000
0xc79eb1b0a3dfb8db5c05b39d82ce32dfb2efef4b,10000000000000000000
0xd28b0a19347c921121be469dba32bbd47f360a7b,12000000000000000000
0x0c2fe6f7d62cfe3eed331f65348b8490749955fb,10000000000000000000
0x4318aae1679fa71ab045597d4dd04467743b50b9,8000000000000000000
0x7eea746b89e655bc9ceb818e56365e584b16438d,10000000000000000000
0x0c8f139ecf46b57ad2fd7144390eba4a402326e1,8000000000000000000
0x9f30e3708f39dc482288eaac10e1f13a086fab05,14000000000000000000
0x0a5def67faf522f5f4659d19880d6ecb12412352,8000000000000000000
0x7eea746b89e655bc9ceb818e56365e584b16438d,10000000000000000000
0x2f9f997db14da7d41cba85fb3a2b91cdf6cd3f00,10000000000000000000
0x9f30e3708f39dc482288eaac10e1f13a086fab05,10000000000000000000
0x4318aae1679fa71ab045597d4dd04467743b50b9,12000000000000000000
0xc79eb1b0a3dfb8db5c05b39d82ce32dfb2efef4b,8000000000000000000
0x0c8f139ecf46b57ad2fd7144390eba4a402326e1,10000000000000000000
0xa693a51e9f19224e92d8d276191336f7318aae34,6000000000000000000
0xc79eb1b0a3dfb8db5c05b39d82ce32dfb2efef4b,10000000000000000000
